/bask/homes/h/hxh347/jiaoj-rep-learn/Dataset/MUSIC/11solo_9duet/audio/acoustic_guitar/M3dekVSwNjY.wav,/bask/homes/h/hxh347/jiaoj-rep-learn/Dataset/MUSIC/11solo_9duet/frames/acoustic_guitar/M3dekVSwNjY.mp4,1580
/bask/homes/h/hxh347/jiaoj-rep-learn/Dataset/MUSIC/11solo_9duet/audio/xylophone_flute/h2oiK1-8U5U.wav,/bask/homes/h/hxh347/jiaoj-rep-learn/Dataset/MUSIC/11solo_9duet/frames/xylophone_flute/h2oiK1-8U5U.mp4,3174
/bask/homes/h/hxh347/jiaoj-rep-learn/Dataset/MUSIC/11solo_9duet/audio/accordion/4jGq3kfsJpg.wav,/bask/homes/h/hxh347/jiaoj-rep-learn/Dataset/MUSIC/11solo_9duet/frames/accordion/4jGq3kfsJpg.mp4,470
/bask/homes/h/hxh347/jiaoj-rep-learn/Dataset/MUSIC/11solo_9duet/audio/cello/R6M2LLmUg1k.wav,/bask/homes/h/hxh347/jiaoj-rep-learn/Dataset/MUSIC/11solo_9duet/frames/cello/R6M2LLmUg1k.mp4,892
/bask/homes/h/hxh347/jiaoj-rep-learn/Dataset/MUSIC/11solo_9duet/audio/erhu/-7l7M6vMm1k.wav,/bask/homes/h/hxh347/jiaoj-rep-learn/Dataset/MUSIC/11solo_9duet/frames/erhu/-7l7M6vMm1k.mp4,721
/bask/homes/h/hxh347/jiaoj-rep-learn/Dataset/MUSIC/11solo_9duet/audio/violin/41b8GUEx-OM.wav,/bask/homes/h/hxh347/jiaoj-rep-learn/Dataset/MUSIC/11solo_9duet/frames/violin/41b8GUEx-OM.mp4,1080
/bask/homes/h/hxh347/jiaoj-rep-learn/Dataset/MUSIC/11solo_9duet/audio/acoustic_guitar/9bEbuj4Qb3I.wav,/bask/homes/h/hxh347/jiaoj-rep-learn/Dataset/MUSIC/11solo_9duet/frames/acoustic_guitar/9bEbuj4Qb3I.mp4,694
/bask/homes/h/hxh347/jiaoj-rep-learn/Dataset/MUSIC/11solo_9duet/audio/cello/Mff3pp-Fj2w.wav,/bask/homes/h/hxh347/jiaoj-rep-learn/Dataset/MUSIC/11solo_9duet/frames/cello/Mff3pp-Fj2w.mp4,800
/bask/homes/h/hxh347/jiaoj-rep-learn/Dataset/MUSIC/11solo_9duet/audio/violin/2ZxAVUsuE4Y.wav,/bask/homes/h/hxh347/jiaoj-rep-learn/Dataset/MUSIC/11solo_9duet/frames/violin/2ZxAVUsuE4Y.mp4,751
/bask/homes/h/hxh347/jiaoj-rep-learn/Dataset/MUSIC/11solo_9duet/audio/flute_violin/P-B8ooirjHE.wav,/bask/homes/h/hxh347/jiaoj-rep-learn/Dataset/MUSIC/11solo_9duet/frames/flute_violin/P-B8ooirjHE.mp4,1403
/bask/homes/h/hxh347/jiaoj-rep-learn/Dataset/MUSIC/11solo_9duet/audio/xylophone/2kBkI6f1X_s.wav,/bask/homes/h/hxh347/jiaoj-rep-learn/Dataset/MUSIC/11solo_9duet/frames/xylophone/2kBkI6f1X_s.mp4,782
/bask/homes/h/hxh347/jiaoj-rep-learn/Dataset/MUSIC/11solo_9duet/audio/clarinet/W9ZICrM6V-s.wav,/bask/homes/h/hxh347/jiaoj-rep-learn/Dataset/MUSIC/11solo_9duet/frames/clarinet/W9ZICrM6V-s.mp4,363
/bask/homes/h/hxh347/jiaoj-rep-learn/Dataset/MUSIC/11solo_9duet/audio/acoustic_guitar/Czn6lg--pRw.wav,/bask/homes/h/hxh347/jiaoj-rep-learn/Dataset/MUSIC/11solo_9duet/frames/acoustic_guitar/Czn6lg--pRw.mp4,1587
/bask/homes/h/hxh347/jiaoj-rep-learn/Dataset/MUSIC/11solo_9duet/audio/saxophone/NLGte2YC6Oc.wav,/bask/homes/h/hxh347/jiaoj-rep-learn/Dataset/MUSIC/11solo_9duet/frames/saxophone/NLGte2YC6Oc.mp4,1153
/bask/homes/h/hxh347/jiaoj-rep-learn/Dataset/MUSIC/11solo_9duet/audio/accordion/9tiymgwLnKE.wav,/bask/homes/h/hxh347/jiaoj-rep-learn/Dataset/MUSIC/11solo_9duet/frames/accordion/9tiymgwLnKE.mp4,1111
/bask/homes/h/hxh347/jiaoj-rep-learn/Dataset/MUSIC/11solo_9duet/audio/flute/SMp2-xo1lZE.wav,/bask/homes/h/hxh347/jiaoj-rep-learn/Dataset/MUSIC/11solo_9duet/frames/flute/SMp2-xo1lZE.mp4,458
/bask/homes/h/hxh347/jiaoj-rep-learn/Dataset/MUSIC/11solo_9duet/audio/xylophone/9fOU26yd0Pw.wav,/bask/homes/h/hxh347/jiaoj-rep-learn/Dataset/MUSIC/11solo_9duet/frames/xylophone/9fOU26yd0Pw.mp4,769
/bask/homes/h/hxh347/jiaoj-rep-learn/Dataset/MUSIC/11solo_9duet/audio/flute/X8rR0SV_BhU.wav,/bask/homes/h/hxh347/jiaoj-rep-learn/Dataset/MUSIC/11solo_9duet/frames/flute/X8rR0SV_BhU.mp4,1213
/bask/homes/h/hxh347/jiaoj-rep-learn/Dataset/MUSIC/11solo_9duet/audio/saxophone/e73x3LGeb_Q.wav,/bask/homes/h/hxh347/jiaoj-rep-learn/Dataset/MUSIC/11solo_9duet/frames/saxophone/e73x3LGeb_Q.mp4,1011
/bask/homes/h/hxh347/jiaoj-rep-learn/Dataset/MUSIC/11solo_9duet/audio/erhu/9PJgKV2VCcM.wav,/bask/homes/h/hxh347/jiaoj-rep-learn/Dataset/MUSIC/11solo_9duet/frames/erhu/9PJgKV2VCcM.mp4,1111
/bask/homes/h/hxh347/jiaoj-rep-learn/Dataset/MUSIC/11solo_9duet/audio/cello/D1DjJqqK5Rw.wav,/bask/homes/h/hxh347/jiaoj-rep-learn/Dataset/MUSIC/11solo_9duet/frames/cello/D1DjJqqK5Rw.mp4,1910
/bask/homes/h/hxh347/jiaoj-rep-learn/Dataset/MUSIC/11solo_9duet/audio/accordion/7C-udYVfjoY.wav,/bask/homes/h/hxh347/jiaoj-rep-learn/Dataset/MUSIC/11solo_9duet/frames/accordion/7C-udYVfjoY.mp4,1038
/bask/homes/h/hxh347/jiaoj-rep-learn/Dataset/MUSIC/11solo_9duet/audio/tuba/KrlDeCWv9ak.wav,/bask/homes/h/hxh347/jiaoj-rep-learn/Dataset/MUSIC/11solo_9duet/frames/tuba/KrlDeCWv9ak.mp4,1458
/bask/homes/h/hxh347/jiaoj-rep-learn/Dataset/MUSIC/11solo_9duet/audio/trumpet/7q1E1pueAU4.wav,/bask/homes/h/hxh347/jiaoj-rep-learn/Dataset/MUSIC/11solo_9duet/frames/trumpet/7q1E1pueAU4.mp4,243
/bask/homes/h/hxh347/jiaoj-rep-learn/Dataset/MUSIC/11solo_9duet/audio/acoustic_guitar/KOt3oARDH9I.wav,/bask/homes/h/hxh347/jiaoj-rep-learn/Dataset/MUSIC/11solo_9duet/frames/acoustic_guitar/KOt3oARDH9I.mp4,1113
/bask/homes/h/hxh347/jiaoj-rep-learn/Dataset/MUSIC/11solo_9duet/audio/erhu/31GOxPXDNkk.wav,/bask/homes/h/hxh347/jiaoj-rep-learn/Dataset/MUSIC/11solo_9duet/frames/erhu/31GOxPXDNkk.mp4,746
/bask/homes/h/hxh347/jiaoj-rep-learn/Dataset/MUSIC/11solo_9duet/audio/xylophone/No-IJw4uWMw.wav,/bask/homes/h/hxh347/jiaoj-rep-learn/Dataset/MUSIC/11solo_9duet/frames/xylophone/No-IJw4uWMw.mp4,1488
/bask/homes/h/hxh347/jiaoj-rep-learn/Dataset/MUSIC/11solo_9duet/audio/flute/oEb2mlij38w.wav,/bask/homes/h/hxh347/jiaoj-rep-learn/Dataset/MUSIC/11solo_9duet/frames/flute/oEb2mlij38w.mp4,337
/bask/homes/h/hxh347/jiaoj-rep-learn/Dataset/MUSIC/11solo_9duet/audio/acoustic_guitar/PY3pK0Guf2Y.wav,/bask/homes/h/hxh347/jiaoj-rep-learn/Dataset/MUSIC/11solo_9duet/frames/acoustic_guitar/PY3pK0Guf2Y.mp4,604
/bask/homes/h/hxh347/jiaoj-rep-learn/Dataset/MUSIC/11solo_9duet/audio/clarinet_acoustic_guitar/J58EcMaJsS8.wav,/bask/homes/h/hxh347/jiaoj-rep-learn/Dataset/MUSIC/11solo_9duet/frames/clarinet_acoustic_guitar/J58EcMaJsS8.mp4,545
/bask/homes/h/hxh347/jiaoj-rep-learn/Dataset/MUSIC/11solo_9duet/audio/flute/jW_AuF6dQYY.wav,/bask/homes/h/hxh347/jiaoj-rep-learn/Dataset/MUSIC/11solo_9duet/frames/flute/jW_AuF6dQYY.mp4,558
/bask/homes/h/hxh347/jiaoj-rep-learn/Dataset/MUSIC/11solo_9duet/audio/erhu/AOAE4euXbEc.wav,/bask/homes/h/hxh347/jiaoj-rep-learn/Dataset/MUSIC/11solo_9duet/frames/erhu/AOAE4euXbEc.mp4,1215
/bask/homes/h/hxh347/jiaoj-rep-learn/Dataset/MUSIC/11solo_9duet/audio/cello_acoustic_guitar/--IXKwloYLE.wav,/bask/homes/h/hxh347/jiaoj-rep-learn/Dataset/MUSIC/11solo_9duet/frames/cello_acoustic_guitar/--IXKwloYLE.mp4,921
/bask/homes/h/hxh347/jiaoj-rep-learn/Dataset/MUSIC/11solo_9duet/audio/xylophone/Jd5heRezP5s.wav,/bask/homes/h/hxh347/jiaoj-rep-learn/Dataset/MUSIC/11solo_9duet/frames/xylophone/Jd5heRezP5s.mp4,894
/bask/homes/h/hxh347/jiaoj-rep-learn/Dataset/MUSIC/11solo_9duet/audio/erhu/BBIENSA_GkE.wav,/bask/homes/h/hxh347/jiaoj-rep-learn/Dataset/MUSIC/11solo_9duet/frames/erhu/BBIENSA_GkE.mp4,469
/bask/homes/h/hxh347/jiaoj-rep-learn/Dataset/MUSIC/11solo_9duet/audio/saxophone_acoustic_guitar/WnXzjXoSF_g.wav,/bask/homes/h/hxh347/jiaoj-rep-learn/Dataset/MUSIC/11solo_9duet/frames/saxophone_acoustic_guitar/WnXzjXoSF_g.mp4,2720
/bask/homes/h/hxh347/jiaoj-rep-learn/Dataset/MUSIC/11solo_9duet/audio/acoustic_guitar_violin/1uG4jnhHgAc.wav,/bask/homes/h/hxh347/jiaoj-rep-learn/Dataset/MUSIC/11solo_9duet/frames/acoustic_guitar_violin/1uG4jnhHgAc.mp4,2196
/bask/homes/h/hxh347/jiaoj-rep-learn/Dataset/MUSIC/11solo_9duet/audio/clarinet_acoustic_guitar/GOYQXO-DJcg.wav,/bask/homes/h/hxh347/jiaoj-rep-learn/Dataset/MUSIC/11solo_9duet/frames/clarinet_acoustic_guitar/GOYQXO-DJcg.mp4,1617
/bask/homes/h/hxh347/jiaoj-rep-learn/Dataset/MUSIC/11solo_9duet/audio/trumpet/I2QXo4mGeRE.wav,/bask/homes/h/hxh347/jiaoj-rep-learn/Dataset/MUSIC/11solo_9duet/frames/trumpet/I2QXo4mGeRE.mp4,212
/bask/homes/h/hxh347/jiaoj-rep-learn/Dataset/MUSIC/11solo_9duet/audio/accordion/Dcp8AuzTG-w.wav,/bask/homes/h/hxh347/jiaoj-rep-learn/Dataset/MUSIC/11solo_9duet/frames/accordion/Dcp8AuzTG-w.mp4,1246
/bask/homes/h/hxh347/jiaoj-rep-learn/Dataset/MUSIC/11solo_9duet/audio/accordion/OnT8HuJuuIA.wav,/bask/homes/h/hxh347/jiaoj-rep-learn/Dataset/MUSIC/11solo_9duet/frames/accordion/OnT8HuJuuIA.mp4,844
/bask/homes/h/hxh347/jiaoj-rep-learn/Dataset/MUSIC/11solo_9duet/audio/acoustic_guitar/1OsOEt5Qpfc.wav,/bask/homes/h/hxh347/jiaoj-rep-learn/Dataset/MUSIC/11solo_9duet/frames/acoustic_guitar/1OsOEt5Qpfc.mp4,1249
/bask/homes/h/hxh347/jiaoj-rep-learn/Dataset/MUSIC/11solo_9duet/audio/violin/ZFuLPm6-kVw.wav,/bask/homes/h/hxh347/jiaoj-rep-learn/Dataset/MUSIC/11solo_9duet/frames/violin/ZFuLPm6-kVw.mp4,290
/bask/homes/h/hxh347/jiaoj-rep-learn/Dataset/MUSIC/11solo_9duet/audio/acoustic_guitar/HGlIImajcRI.wav,/bask/homes/h/hxh347/jiaoj-rep-learn/Dataset/MUSIC/11solo_9duet/frames/acoustic_guitar/HGlIImajcRI.mp4,1568
/bask/homes/h/hxh347/jiaoj-rep-learn/Dataset/MUSIC/11solo_9duet/audio/cello/-oe-KptPGnY.wav,/bask/homes/h/hxh347/jiaoj-rep-learn/Dataset/MUSIC/11solo_9duet/frames/cello/-oe-KptPGnY.mp4,730
/bask/homes/h/hxh347/jiaoj-rep-learn/Dataset/MUSIC/11solo_9duet/audio/saxophone/R700Q9DEUEk.wav,/bask/homes/h/hxh347/jiaoj-rep-learn/Dataset/MUSIC/11solo_9duet/frames/saxophone/R700Q9DEUEk.mp4,722
/bask/homes/h/hxh347/jiaoj-rep-learn/Dataset/MUSIC/11solo_9duet/audio/flute/tAuYNf2hqHU.wav,/bask/homes/h/hxh347/jiaoj-rep-learn/Dataset/MUSIC/11solo_9duet/frames/flute/tAuYNf2hqHU.mp4,841
/bask/homes/h/hxh347/jiaoj-rep-learn/Dataset/MUSIC/11solo_9duet/audio/clarinet_acoustic_guitar/apGScvWeLaE.wav,/bask/homes/h/hxh347/jiaoj-rep-learn/Dataset/MUSIC/11solo_9duet/frames/clarinet_acoustic_guitar/apGScvWeLaE.mp4,1439
/bask/homes/h/hxh347/jiaoj-rep-learn/Dataset/MUSIC/11solo_9duet/audio/acoustic_guitar/XdoR3Mw217M.wav,/bask/homes/h/hxh347/jiaoj-rep-learn/Dataset/MUSIC/11solo_9duet/frames/acoustic_guitar/XdoR3Mw217M.mp4,1695
/bask/homes/h/hxh347/jiaoj-rep-learn/Dataset/MUSIC/11solo_9duet/audio/trumpet/g1sNdUDTfJQ.wav,/bask/homes/h/hxh347/jiaoj-rep-learn/Dataset/MUSIC/11solo_9duet/frames/trumpet/g1sNdUDTfJQ.mp4,553
/bask/homes/h/hxh347/jiaoj-rep-learn/Dataset/MUSIC/11solo_9duet/audio/acoustic_guitar_violin/HmIPqgiaW24.wav,/bask/homes/h/hxh347/jiaoj-rep-learn/Dataset/MUSIC/11solo_9duet/frames/acoustic_guitar_violin/HmIPqgiaW24.mp4,2009
/bask/homes/h/hxh347/jiaoj-rep-learn/Dataset/MUSIC/11solo_9duet/audio/trumpet/TaII-y9-5Iw.wav,/bask/homes/h/hxh347/jiaoj-rep-learn/Dataset/MUSIC/11solo_9duet/frames/trumpet/TaII-y9-5Iw.mp4,789
/bask/homes/h/hxh347/jiaoj-rep-learn/Dataset/MUSIC/11solo_9duet/audio/saxophone_acoustic_guitar/9MOG4aV-qNU.wav,/bask/homes/h/hxh347/jiaoj-rep-learn/Dataset/MUSIC/11solo_9duet/frames/saxophone_acoustic_guitar/9MOG4aV-qNU.mp4,2060
/bask/homes/h/hxh347/jiaoj-rep-learn/Dataset/MUSIC/11solo_9duet/audio/cello/MCftKtqmH1A.wav,/bask/homes/h/hxh347/jiaoj-rep-learn/Dataset/MUSIC/11solo_9duet/frames/cello/MCftKtqmH1A.mp4,1126
/bask/homes/h/hxh347/jiaoj-rep-learn/Dataset/MUSIC/11solo_9duet/audio/cello_acoustic_guitar/K_U5-GbPgi0.wav,/bask/homes/h/hxh347/jiaoj-rep-learn/Dataset/MUSIC/11solo_9duet/frames/cello_acoustic_guitar/K_U5-GbPgi0.mp4,1918
/bask/homes/h/hxh347/jiaoj-rep-learn/Dataset/MUSIC/11solo_9duet/audio/flute/sybsjsj1zPo.wav,/bask/homes/h/hxh347/jiaoj-rep-learn/Dataset/MUSIC/11solo_9duet/frames/flute/sybsjsj1zPo.mp4,1703
/bask/homes/h/hxh347/jiaoj-rep-learn/Dataset/MUSIC/11solo_9duet/audio/tuba/6pkShdDe9LU.wav,/bask/homes/h/hxh347/jiaoj-rep-learn/Dataset/MUSIC/11solo_9duet/frames/tuba/6pkShdDe9LU.mp4,166
/bask/homes/h/hxh347/jiaoj-rep-learn/Dataset/MUSIC/11solo_9duet/audio/xylophone/L_ErwglZCJM.wav,/bask/homes/h/hxh347/jiaoj-rep-learn/Dataset/MUSIC/11solo_9duet/frames/xylophone/L_ErwglZCJM.mp4,536
/bask/homes/h/hxh347/jiaoj-rep-learn/Dataset/MUSIC/11solo_9duet/audio/accordion/6hQHOZNwfRs.wav,/bask/homes/h/hxh347/jiaoj-rep-learn/Dataset/MUSIC/11solo_9duet/frames/accordion/6hQHOZNwfRs.mp4,1304
/bask/homes/h/hxh347/jiaoj-rep-learn/Dataset/MUSIC/11solo_9duet/audio/accordion/c7Jyu_OiEB0.wav,/bask/homes/h/hxh347/jiaoj-rep-learn/Dataset/MUSIC/11solo_9duet/frames/accordion/c7Jyu_OiEB0.mp4,684
/bask/homes/h/hxh347/jiaoj-rep-learn/Dataset/MUSIC/11solo_9duet/audio/trumpet/nKc4srJBgYU.wav,/bask/homes/h/hxh347/jiaoj-rep-learn/Dataset/MUSIC/11solo_9duet/frames/trumpet/nKc4srJBgYU.mp4,369
/bask/homes/h/hxh347/jiaoj-rep-learn/Dataset/MUSIC/11solo_9duet/audio/trumpet/U2NMdF5yzdE.wav,/bask/homes/h/hxh347/jiaoj-rep-learn/Dataset/MUSIC/11solo_9duet/frames/trumpet/U2NMdF5yzdE.mp4,468
/bask/homes/h/hxh347/jiaoj-rep-learn/Dataset/MUSIC/11solo_9duet/audio/accordion/CgCMBFcifVE.wav,/bask/homes/h/hxh347/jiaoj-rep-learn/Dataset/MUSIC/11solo_9duet/frames/accordion/CgCMBFcifVE.mp4,1464
/bask/homes/h/hxh347/jiaoj-rep-learn/Dataset/MUSIC/11solo_9duet/audio/violin/vYr0vft28Tg.wav,/bask/homes/h/hxh347/jiaoj-rep-learn/Dataset/MUSIC/11solo_9duet/frames/violin/vYr0vft28Tg.mp4,1328
/bask/homes/h/hxh347/jiaoj-rep-learn/Dataset/MUSIC/11solo_9duet/audio/clarinet/5HNlS9UFELE.wav,/bask/homes/h/hxh347/jiaoj-rep-learn/Dataset/MUSIC/11solo_9duet/frames/clarinet/5HNlS9UFELE.mp4,349
/bask/homes/h/hxh347/jiaoj-rep-learn/Dataset/MUSIC/11solo_9duet/audio/erhu/MTyf4utLlJk.wav,/bask/homes/h/hxh347/jiaoj-rep-learn/Dataset/MUSIC/11solo_9duet/frames/erhu/MTyf4utLlJk.mp4,1703
/bask/homes/h/hxh347/jiaoj-rep-learn/Dataset/MUSIC/11solo_9duet/audio/trumpet_tuba/o3a6F070Xt0.wav,/bask/homes/h/hxh347/jiaoj-rep-learn/Dataset/MUSIC/11solo_9duet/frames/trumpet_tuba/o3a6F070Xt0.mp4,780
/bask/homes/h/hxh347/jiaoj-rep-learn/Dataset/MUSIC/11solo_9duet/audio/cello/-3V-vUMkHqk.wav,/bask/homes/h/hxh347/jiaoj-rep-learn/Dataset/MUSIC/11solo_9duet/frames/cello/-3V-vUMkHqk.mp4,170
/bask/homes/h/hxh347/jiaoj-rep-learn/Dataset/MUSIC/11solo_9duet/audio/cello/WVeheJFHQS4.wav,/bask/homes/h/hxh347/jiaoj-rep-learn/Dataset/MUSIC/11solo_9duet/frames/cello/WVeheJFHQS4.mp4,1661
/bask/homes/h/hxh347/jiaoj-rep-learn/Dataset/MUSIC/11solo_9duet/audio/acoustic_guitar_violin/xkjj-wqj_5M.wav,/bask/homes/h/hxh347/jiaoj-rep-learn/Dataset/MUSIC/11solo_9duet/frames/acoustic_guitar_violin/xkjj-wqj_5M.mp4,1973
/bask/homes/h/hxh347/jiaoj-rep-learn/Dataset/MUSIC/11solo_9duet/audio/saxophone/iEOdwzdXmfE.wav,/bask/homes/h/hxh347/jiaoj-rep-learn/Dataset/MUSIC/11solo_9duet/frames/saxophone/iEOdwzdXmfE.mp4,707
/bask/homes/h/hxh347/jiaoj-rep-learn/Dataset/MUSIC/11solo_9duet/audio/flute_violin/Ua1zhXvO6Dk.wav,/bask/homes/h/hxh347/jiaoj-rep-learn/Dataset/MUSIC/11solo_9duet/frames/flute_violin/Ua1zhXvO6Dk.mp4,2209
/bask/homes/h/hxh347/jiaoj-rep-learn/Dataset/MUSIC/11solo_9duet/audio/violin/X2gQ8Jnk2P8.wav,/bask/homes/h/hxh347/jiaoj-rep-learn/Dataset/MUSIC/11solo_9duet/frames/violin/X2gQ8Jnk2P8.mp4,1051
/bask/homes/h/hxh347/jiaoj-rep-learn/Dataset/MUSIC/11solo_9duet/audio/erhu/8rb-thew50c.wav,/bask/homes/h/hxh347/jiaoj-rep-learn/Dataset/MUSIC/11solo_9duet/frames/erhu/8rb-thew50c.mp4,638
/bask/homes/h/hxh347/jiaoj-rep-learn/Dataset/MUSIC/11solo_9duet/audio/trumpet/UFNc_74au6A.wav,/bask/homes/h/hxh347/jiaoj-rep-learn/Dataset/MUSIC/11solo_9duet/frames/trumpet/UFNc_74au6A.mp4,546
/bask/homes/h/hxh347/jiaoj-rep-learn/Dataset/MUSIC/11solo_9duet/audio/xylophone/91MhpKVea30.wav,/bask/homes/h/hxh347/jiaoj-rep-learn/Dataset/MUSIC/11solo_9duet/frames/xylophone/91MhpKVea30.mp4,1827
/bask/homes/h/hxh347/jiaoj-rep-learn/Dataset/MUSIC/11solo_9duet/audio/violin/CaeZoHNHul0.wav,/bask/homes/h/hxh347/jiaoj-rep-learn/Dataset/MUSIC/11solo_9duet/frames/violin/CaeZoHNHul0.mp4,1395
/bask/homes/h/hxh347/jiaoj-rep-learn/Dataset/MUSIC/11solo_9duet/audio/xylophone/c-Yr5qyCefA.wav,/bask/homes/h/hxh347/jiaoj-rep-learn/Dataset/MUSIC/11solo_9duet/frames/xylophone/c-Yr5qyCefA.mp4,1222
/bask/homes/h/hxh347/jiaoj-rep-learn/Dataset/MUSIC/11solo_9duet/audio/tuba/WSRAO6abxog.wav,/bask/homes/h/hxh347/jiaoj-rep-learn/Dataset/MUSIC/11solo_9duet/frames/tuba/WSRAO6abxog.mp4,681
/bask/homes/h/hxh347/jiaoj-rep-learn/Dataset/MUSIC/11solo_9duet/audio/flute/3q104tR3k2Q.wav,/bask/homes/h/hxh347/jiaoj-rep-learn/Dataset/MUSIC/11solo_9duet/frames/flute/3q104tR3k2Q.mp4,961
/bask/homes/h/hxh347/jiaoj-rep-learn/Dataset/MUSIC/11solo_9duet/audio/accordion/oOCHF3GgKLs.wav,/bask/homes/h/hxh347/jiaoj-rep-learn/Dataset/MUSIC/11solo_9duet/frames/accordion/oOCHF3GgKLs.mp4,1425
/bask/homes/h/hxh347/jiaoj-rep-learn/Dataset/MUSIC/11solo_9duet/audio/saxophone/LqyX7bRrMTw.wav,/bask/homes/h/hxh347/jiaoj-rep-learn/Dataset/MUSIC/11solo_9duet/frames/saxophone/LqyX7bRrMTw.mp4,851
/bask/homes/h/hxh347/jiaoj-rep-learn/Dataset/MUSIC/11solo_9duet/audio/acoustic_guitar/OBbmnUIJQDQ.wav,/bask/homes/h/hxh347/jiaoj-rep-learn/Dataset/MUSIC/11solo_9duet/frames/acoustic_guitar/OBbmnUIJQDQ.mp4,807
/bask/homes/h/hxh347/jiaoj-rep-learn/Dataset/MUSIC/11solo_9duet/audio/erhu/CtrTfd8foxA.wav,/bask/homes/h/hxh347/jiaoj-rep-learn/Dataset/MUSIC/11solo_9duet/frames/erhu/CtrTfd8foxA.mp4,452
/bask/homes/h/hxh347/jiaoj-rep-learn/Dataset/MUSIC/11solo_9duet/audio/trumpet/nZ4HNz9xvSw.wav,/bask/homes/h/hxh347/jiaoj-rep-learn/Dataset/MUSIC/11solo_9duet/frames/trumpet/nZ4HNz9xvSw.mp4,579
/bask/homes/h/hxh347/jiaoj-rep-learn/Dataset/MUSIC/11solo_9duet/audio/clarinet/_O1mTqCSo6E.wav,/bask/homes/h/hxh347/jiaoj-rep-learn/Dataset/MUSIC/11solo_9duet/frames/clarinet/_O1mTqCSo6E.mp4,932
/bask/homes/h/hxh347/jiaoj-rep-learn/Dataset/MUSIC/11solo_9duet/audio/saxophone_acoustic_guitar/gOsW2AVyjyc.wav,/bask/homes/h/hxh347/jiaoj-rep-learn/Dataset/MUSIC/11solo_9duet/frames/saxophone_acoustic_guitar/gOsW2AVyjyc.mp4,1798
/bask/homes/h/hxh347/jiaoj-rep-learn/Dataset/MUSIC/11solo_9duet/audio/flute/E7E1kMExVcg.wav,/bask/homes/h/hxh347/jiaoj-rep-learn/Dataset/MUSIC/11solo_9duet/frames/flute/E7E1kMExVcg.mp4,746
/bask/homes/h/hxh347/jiaoj-rep-learn/Dataset/MUSIC/11solo_9duet/audio/saxophone_acoustic_guitar/DK6cSN_7lwk.wav,/bask/homes/h/hxh347/jiaoj-rep-learn/Dataset/MUSIC/11solo_9duet/frames/saxophone_acoustic_guitar/DK6cSN_7lwk.mp4,550
/bask/homes/h/hxh347/jiaoj-rep-learn/Dataset/MUSIC/11solo_9duet/audio/xylophone/Lp9rAMPaqLQ.wav,/bask/homes/h/hxh347/jiaoj-rep-learn/Dataset/MUSIC/11solo_9duet/frames/xylophone/Lp9rAMPaqLQ.mp4,1735
/bask/homes/h/hxh347/jiaoj-rep-learn/Dataset/MUSIC/11solo_9duet/audio/flute/d5IO46KfjR4.wav,/bask/homes/h/hxh347/jiaoj-rep-learn/Dataset/MUSIC/11solo_9duet/frames/flute/d5IO46KfjR4.mp4,789
/bask/homes/h/hxh347/jiaoj-rep-learn/Dataset/MUSIC/11solo_9duet/audio/violin/X2hHGcwLPhs.wav,/bask/homes/h/hxh347/jiaoj-rep-learn/Dataset/MUSIC/11solo_9duet/frames/violin/X2hHGcwLPhs.mp4,732
/bask/homes/h/hxh347/jiaoj-rep-learn/Dataset/MUSIC/11solo_9duet/audio/erhu/GgZOTwwD39Y.wav,/bask/homes/h/hxh347/jiaoj-rep-learn/Dataset/MUSIC/11solo_9duet/frames/erhu/GgZOTwwD39Y.mp4,1850
/bask/homes/h/hxh347/jiaoj-rep-learn/Dataset/MUSIC/11solo_9duet/audio/accordion/2WZsNZrbt6w.wav,/bask/homes/h/hxh347/jiaoj-rep-learn/Dataset/MUSIC/11solo_9duet/frames/accordion/2WZsNZrbt6w.mp4,1379
/bask/homes/h/hxh347/jiaoj-rep-learn/Dataset/MUSIC/11solo_9duet/audio/trumpet/Ba4ajAm0VDI.wav,/bask/homes/h/hxh347/jiaoj-rep-learn/Dataset/MUSIC/11solo_9duet/frames/trumpet/Ba4ajAm0VDI.mp4,571
/bask/homes/h/hxh347/jiaoj-rep-learn/Dataset/MUSIC/11solo_9duet/audio/tuba/V9NILCtoTkc.wav,/bask/homes/h/hxh347/jiaoj-rep-learn/Dataset/MUSIC/11solo_9duet/frames/tuba/V9NILCtoTkc.mp4,424
/bask/homes/h/hxh347/jiaoj-rep-learn/Dataset/MUSIC/11solo_9duet/audio/clarinet_acoustic_guitar/NihlZckO34o.wav,/bask/homes/h/hxh347/jiaoj-rep-learn/Dataset/MUSIC/11solo_9duet/frames/clarinet_acoustic_guitar/NihlZckO34o.mp4,810
/bask/homes/h/hxh347/jiaoj-rep-learn/Dataset/MUSIC/11solo_9duet/audio/saxophone_acoustic_guitar/cNLX70EhWtg.wav,/bask/homes/h/hxh347/jiaoj-rep-learn/Dataset/MUSIC/11solo_9duet/frames/saxophone_acoustic_guitar/cNLX70EhWtg.mp4,1785
/bask/homes/h/hxh347/jiaoj-rep-learn/Dataset/MUSIC/11solo_9duet/audio/acoustic_guitar/8YELO9yxs_c.wav,/bask/homes/h/hxh347/jiaoj-rep-learn/Dataset/MUSIC/11solo_9duet/frames/acoustic_guitar/8YELO9yxs_c.mp4,1518
/bask/homes/h/hxh347/jiaoj-rep-learn/Dataset/MUSIC/11solo_9duet/audio/acoustic_guitar_violin/LUWw06fW4zU.wav,/bask/homes/h/hxh347/jiaoj-rep-learn/Dataset/MUSIC/11solo_9duet/frames/acoustic_guitar_violin/LUWw06fW4zU.mp4,815
/bask/homes/h/hxh347/jiaoj-rep-learn/Dataset/MUSIC/11solo_9duet/audio/xylophone/-0gYWIOfqdM.wav,/bask/homes/h/hxh347/jiaoj-rep-learn/Dataset/MUSIC/11solo_9duet/frames/xylophone/-0gYWIOfqdM.mp4,687
/bask/homes/h/hxh347/jiaoj-rep-learn/Dataset/MUSIC/11solo_9duet/audio/trumpet/zJIt_KdE3Jc.wav,/bask/homes/h/hxh347/jiaoj-rep-learn/Dataset/MUSIC/11solo_9duet/frames/trumpet/zJIt_KdE3Jc.mp4,342
/bask/homes/h/hxh347/jiaoj-rep-learn/Dataset/MUSIC/11solo_9duet/audio/acoustic_guitar/S2IWw6z-cfc.wav,/bask/homes/h/hxh347/jiaoj-rep-learn/Dataset/MUSIC/11solo_9duet/frames/acoustic_guitar/S2IWw6z-cfc.mp4,1635
/bask/homes/h/hxh347/jiaoj-rep-learn/Dataset/MUSIC/11solo_9duet/audio/tuba/JRPtROMynA8.wav,/bask/homes/h/hxh347/jiaoj-rep-learn/Dataset/MUSIC/11solo_9duet/frames/tuba/JRPtROMynA8.mp4,503
/bask/homes/h/hxh347/jiaoj-rep-learn/Dataset/MUSIC/11solo_9duet/audio/trumpet/eBoCeQtoFtM.wav,/bask/homes/h/hxh347/jiaoj-rep-learn/Dataset/MUSIC/11solo_9duet/frames/trumpet/eBoCeQtoFtM.mp4,573
/bask/homes/h/hxh347/jiaoj-rep-learn/Dataset/MUSIC/11solo_9duet/audio/trumpet/2gk-IN35s5I.wav,/bask/homes/h/hxh347/jiaoj-rep-learn/Dataset/MUSIC/11solo_9duet/frames/trumpet/2gk-IN35s5I.mp4,816
/bask/homes/h/hxh347/jiaoj-rep-learn/Dataset/MUSIC/11solo_9duet/audio/cello/CSKOEhh5nBk.wav,/bask/homes/h/hxh347/jiaoj-rep-learn/Dataset/MUSIC/11solo_9duet/frames/cello/CSKOEhh5nBk.mp4,1416
/bask/homes/h/hxh347/jiaoj-rep-learn/Dataset/MUSIC/11solo_9duet/audio/accordion/MnoQccPJbyM.wav,/bask/homes/h/hxh347/jiaoj-rep-learn/Dataset/MUSIC/11solo_9duet/frames/accordion/MnoQccPJbyM.mp4,1943
/bask/homes/h/hxh347/jiaoj-rep-learn/Dataset/MUSIC/11solo_9duet/audio/xylophone_flute/OgHPzxGb1sM.wav,/bask/homes/h/hxh347/jiaoj-rep-learn/Dataset/MUSIC/11solo_9duet/frames/xylophone_flute/OgHPzxGb1sM.mp4,3357
/bask/homes/h/hxh347/jiaoj-rep-learn/Dataset/MUSIC/11solo_9duet/audio/erhu/V9rjOI5YEDE.wav,/bask/homes/h/hxh347/jiaoj-rep-learn/Dataset/MUSIC/11solo_9duet/frames/erhu/V9rjOI5YEDE.mp4,960
/bask/homes/h/hxh347/jiaoj-rep-learn/Dataset/MUSIC/11solo_9duet/audio/saxophone_acoustic_guitar/ywH4K8mQ-1s.wav,/bask/homes/h/hxh347/jiaoj-rep-learn/Dataset/MUSIC/11solo_9duet/frames/saxophone_acoustic_guitar/ywH4K8mQ-1s.mp4,627
/bask/homes/h/hxh347/jiaoj-rep-learn/Dataset/MUSIC/11solo_9duet/audio/clarinet_acoustic_guitar/bowjUDJsWq8.wav,/bask/homes/h/hxh347/jiaoj-rep-learn/Dataset/MUSIC/11solo_9duet/frames/clarinet_acoustic_guitar/bowjUDJsWq8.mp4,788
/bask/homes/h/hxh347/jiaoj-rep-learn/Dataset/MUSIC/11solo_9duet/audio/erhu/EJ-dXyKrSKA.wav,/bask/homes/h/hxh347/jiaoj-rep-learn/Dataset/MUSIC/11solo_9duet/frames/erhu/EJ-dXyKrSKA.mp4,1232
/bask/homes/h/hxh347/jiaoj-rep-learn/Dataset/MUSIC/11solo_9duet/audio/clarinet/iLeEWSC2M2U.wav,/bask/homes/h/hxh347/jiaoj-rep-learn/Dataset/MUSIC/11solo_9duet/frames/clarinet/iLeEWSC2M2U.mp4,461
/bask/homes/h/hxh347/jiaoj-rep-learn/Dataset/MUSIC/11solo_9duet/audio/acoustic_guitar/X4UWEifacwI.wav,/bask/homes/h/hxh347/jiaoj-rep-learn/Dataset/MUSIC/11solo_9duet/frames/acoustic_guitar/X4UWEifacwI.mp4,1789
/bask/homes/h/hxh347/jiaoj-rep-learn/Dataset/MUSIC/11solo_9duet/audio/xylophone/McMd-s4XpZk.wav,/bask/homes/h/hxh347/jiaoj-rep-learn/Dataset/MUSIC/11solo_9duet/frames/xylophone/McMd-s4XpZk.mp4,607
/bask/homes/h/hxh347/jiaoj-rep-learn/Dataset/MUSIC/11solo_9duet/audio/flute/YR6kjiPyNHU.wav,/bask/homes/h/hxh347/jiaoj-rep-learn/Dataset/MUSIC/11solo_9duet/frames/flute/YR6kjiPyNHU.mp4,1258
/bask/homes/h/hxh347/jiaoj-rep-learn/Dataset/MUSIC/11solo_9duet/audio/clarinet/2D5nT67CIRw.wav,/bask/homes/h/hxh347/jiaoj-rep-learn/Dataset/MUSIC/11solo_9duet/frames/clarinet/2D5nT67CIRw.mp4,896
/bask/homes/h/hxh347/jiaoj-rep-learn/Dataset/MUSIC/11solo_9duet/audio/violin/lp4_79ooAQo.wav,/bask/homes/h/hxh347/jiaoj-rep-learn/Dataset/MUSIC/11solo_9duet/frames/violin/lp4_79ooAQo.mp4,766
/bask/homes/h/hxh347/jiaoj-rep-learn/Dataset/MUSIC/11solo_9duet/audio/flute/cyUUlWSEujk.wav,/bask/homes/h/hxh347/jiaoj-rep-learn/Dataset/MUSIC/11solo_9duet/frames/flute/cyUUlWSEujk.mp4,320
/bask/homes/h/hxh347/jiaoj-rep-learn/Dataset/MUSIC/11solo_9duet/audio/erhu/PFX2WTY9gWI.wav,/bask/homes/h/hxh347/jiaoj-rep-learn/Dataset/MUSIC/11solo_9duet/frames/erhu/PFX2WTY9gWI.mp4,889
/bask/homes/h/hxh347/jiaoj-rep-learn/Dataset/MUSIC/11solo_9duet/audio/violin/10RkjPIguAY.wav,/bask/homes/h/hxh347/jiaoj-rep-learn/Dataset/MUSIC/11solo_9duet/frames/violin/10RkjPIguAY.mp4,1125
/bask/homes/h/hxh347/jiaoj-rep-learn/Dataset/MUSIC/11solo_9duet/audio/cello/CjNKUiFHUC8.wav,/bask/homes/h/hxh347/jiaoj-rep-learn/Dataset/MUSIC/11solo_9duet/frames/cello/CjNKUiFHUC8.mp4,1751
/bask/homes/h/hxh347/jiaoj-rep-learn/Dataset/MUSIC/11solo_9duet/audio/accordion/1oz3h9doX_g.wav,/bask/homes/h/hxh347/jiaoj-rep-learn/Dataset/MUSIC/11solo_9duet/frames/accordion/1oz3h9doX_g.mp4,1105
/bask/homes/h/hxh347/jiaoj-rep-learn/Dataset/MUSIC/11solo_9duet/audio/clarinet_acoustic_guitar/7kbgi9oNEi0.wav,/bask/homes/h/hxh347/jiaoj-rep-learn/Dataset/MUSIC/11solo_9duet/frames/clarinet_acoustic_guitar/7kbgi9oNEi0.mp4,2630
/bask/homes/h/hxh347/jiaoj-rep-learn/Dataset/MUSIC/11solo_9duet/audio/saxophone_acoustic_guitar/aIUPFTDzj5g.wav,/bask/homes/h/hxh347/jiaoj-rep-learn/Dataset/MUSIC/11solo_9duet/frames/saxophone_acoustic_guitar/aIUPFTDzj5g.mp4,933
/bask/homes/h/hxh347/jiaoj-rep-learn/Dataset/MUSIC/11solo_9duet/audio/clarinet_acoustic_guitar/5GWxV8I21AQ.wav,/bask/homes/h/hxh347/jiaoj-rep-learn/Dataset/MUSIC/11solo_9duet/frames/clarinet_acoustic_guitar/5GWxV8I21AQ.mp4,1441
/bask/homes/h/hxh347/jiaoj-rep-learn/Dataset/MUSIC/11solo_9duet/audio/erhu/Us9dxgfBfeo.wav,/bask/homes/h/hxh347/jiaoj-rep-learn/Dataset/MUSIC/11solo_9duet/frames/erhu/Us9dxgfBfeo.mp4,1376
/bask/homes/h/hxh347/jiaoj-rep-learn/Dataset/MUSIC/11solo_9duet/audio/erhu/3XAn8BHmtKg.wav,/bask/homes/h/hxh347/jiaoj-rep-learn/Dataset/MUSIC/11solo_9duet/frames/erhu/3XAn8BHmtKg.mp4,1450
/bask/homes/h/hxh347/jiaoj-rep-learn/Dataset/MUSIC/11solo_9duet/audio/trumpet/ZFp0yw9Dxcw.wav,/bask/homes/h/hxh347/jiaoj-rep-learn/Dataset/MUSIC/11solo_9duet/frames/trumpet/ZFp0yw9Dxcw.mp4,302
/bask/homes/h/hxh347/jiaoj-rep-learn/Dataset/MUSIC/11solo_9duet/audio/flute/qb-ttddKLYo.wav,/bask/homes/h/hxh347/jiaoj-rep-learn/Dataset/MUSIC/11solo_9duet/frames/flute/qb-ttddKLYo.mp4,169
/bask/homes/h/hxh347/jiaoj-rep-learn/Dataset/MUSIC/11solo_9duet/audio/tuba/LUZf782HzNo.wav,/bask/homes/h/hxh347/jiaoj-rep-learn/Dataset/MUSIC/11solo_9duet/frames/tuba/LUZf782HzNo.mp4,1290
/bask/homes/h/hxh347/jiaoj-rep-learn/Dataset/MUSIC/11solo_9duet/audio/saxophone_acoustic_guitar/3U7_tVUZYT0.wav,/bask/homes/h/hxh347/jiaoj-rep-learn/Dataset/MUSIC/11solo_9duet/frames/saxophone_acoustic_guitar/3U7_tVUZYT0.mp4,1154
/bask/homes/h/hxh347/jiaoj-rep-learn/Dataset/MUSIC/11solo_9duet/audio/violin/XlvlHfWjKx4.wav,/bask/homes/h/hxh347/jiaoj-rep-learn/Dataset/MUSIC/11solo_9duet/frames/violin/XlvlHfWjKx4.mp4,1343
/bask/homes/h/hxh347/jiaoj-rep-learn/Dataset/MUSIC/11solo_9duet/audio/acoustic_guitar/5UZF3bGoZpM.wav,/bask/homes/h/hxh347/jiaoj-rep-learn/Dataset/MUSIC/11solo_9duet/frames/acoustic_guitar/5UZF3bGoZpM.mp4,1681
/bask/homes/h/hxh347/jiaoj-rep-learn/Dataset/MUSIC/11solo_9duet/audio/erhu/ZMM_u1Bk0SI.wav,/bask/homes/h/hxh347/jiaoj-rep-learn/Dataset/MUSIC/11solo_9duet/frames/erhu/ZMM_u1Bk0SI.mp4,541
/bask/homes/h/hxh347/jiaoj-rep-learn/Dataset/MUSIC/11solo_9duet/audio/clarinet/IFEP8Z5Qos0.wav,/bask/homes/h/hxh347/jiaoj-rep-learn/Dataset/MUSIC/11solo_9duet/frames/clarinet/IFEP8Z5Qos0.mp4,210
/bask/homes/h/hxh347/jiaoj-rep-learn/Dataset/MUSIC/11solo_9duet/audio/trumpet/eCQO6k5Qrmg.wav,/bask/homes/h/hxh347/jiaoj-rep-learn/Dataset/MUSIC/11solo_9duet/frames/trumpet/eCQO6k5Qrmg.mp4,509
/bask/homes/h/hxh347/jiaoj-rep-learn/Dataset/MUSIC/11solo_9duet/audio/erhu/37HdHAzJrOQ.wav,/bask/homes/h/hxh347/jiaoj-rep-learn/Dataset/MUSIC/11solo_9duet/frames/erhu/37HdHAzJrOQ.mp4,1308
/bask/homes/h/hxh347/jiaoj-rep-learn/Dataset/MUSIC/11solo_9duet/audio/erhu/SVZNEDEIK48.wav,/bask/homes/h/hxh347/jiaoj-rep-learn/Dataset/MUSIC/11solo_9duet/frames/erhu/SVZNEDEIK48.mp4,591
/bask/homes/h/hxh347/jiaoj-rep-learn/Dataset/MUSIC/11solo_9duet/audio/clarinet_acoustic_guitar/ddDdNq1a01M.wav,/bask/homes/h/hxh347/jiaoj-rep-learn/Dataset/MUSIC/11solo_9duet/frames/clarinet_acoustic_guitar/ddDdNq1a01M.mp4,3372
/bask/homes/h/hxh347/jiaoj-rep-learn/Dataset/MUSIC/11solo_9duet/audio/xylophone/lVpWbUIW0gY.wav,/bask/homes/h/hxh347/jiaoj-rep-learn/Dataset/MUSIC/11solo_9duet/frames/xylophone/lVpWbUIW0gY.mp4,767
/bask/homes/h/hxh347/jiaoj-rep-learn/Dataset/MUSIC/11solo_9duet/audio/clarinet_acoustic_guitar/za7phW3V0xE.wav,/bask/homes/h/hxh347/jiaoj-rep-learn/Dataset/MUSIC/11solo_9duet/frames/clarinet_acoustic_guitar/za7phW3V0xE.mp4,1665
/bask/homes/h/hxh347/jiaoj-rep-learn/Dataset/MUSIC/11solo_9duet/audio/acoustic_guitar_violin/WDJYj3SvUlw.wav,/bask/homes/h/hxh347/jiaoj-rep-learn/Dataset/MUSIC/11solo_9duet/frames/acoustic_guitar_violin/WDJYj3SvUlw.mp4,1592
/bask/homes/h/hxh347/jiaoj-rep-learn/Dataset/MUSIC/11solo_9duet/audio/violin/ZgGEuzLZw2E.wav,/bask/homes/h/hxh347/jiaoj-rep-learn/Dataset/MUSIC/11solo_9duet/frames/violin/ZgGEuzLZw2E.mp4,774
/bask/homes/h/hxh347/jiaoj-rep-learn/Dataset/MUSIC/11solo_9duet/audio/clarinet/LPqBkF5NVSQ.wav,/bask/homes/h/hxh347/jiaoj-rep-learn/Dataset/MUSIC/11solo_9duet/frames/clarinet/LPqBkF5NVSQ.mp4,1078
/bask/homes/h/hxh347/jiaoj-rep-learn/Dataset/MUSIC/11solo_9duet/audio/acoustic_guitar_violin/o7YS-fzv5_k.wav,/bask/homes/h/hxh347/jiaoj-rep-learn/Dataset/MUSIC/11solo_9duet/frames/acoustic_guitar_violin/o7YS-fzv5_k.mp4,1151
/bask/homes/h/hxh347/jiaoj-rep-learn/Dataset/MUSIC/11solo_9duet/audio/xylophone/fhzqzm0dYuE.wav,/bask/homes/h/hxh347/jiaoj-rep-learn/Dataset/MUSIC/11solo_9duet/frames/xylophone/fhzqzm0dYuE.mp4,1258
/bask/homes/h/hxh347/jiaoj-rep-learn/Dataset/MUSIC/11solo_9duet/audio/clarinet/ZYMb7ZJkJgc.wav,/bask/homes/h/hxh347/jiaoj-rep-learn/Dataset/MUSIC/11solo_9duet/frames/clarinet/ZYMb7ZJkJgc.mp4,1070
/bask/homes/h/hxh347/jiaoj-rep-learn/Dataset/MUSIC/11solo_9duet/audio/flute/unRA0xR-XWc.wav,/bask/homes/h/hxh347/jiaoj-rep-learn/Dataset/MUSIC/11solo_9duet/frames/flute/unRA0xR-XWc.mp4,745
/bask/homes/h/hxh347/jiaoj-rep-learn/Dataset/MUSIC/11solo_9duet/audio/flute_violin/r29WR4uOf9k.wav,/bask/homes/h/hxh347/jiaoj-rep-learn/Dataset/MUSIC/11solo_9duet/frames/flute_violin/r29WR4uOf9k.mp4,4456
/bask/homes/h/hxh347/jiaoj-rep-learn/Dataset/MUSIC/11solo_9duet/audio/xylophone/GezwOJW568A.wav,/bask/homes/h/hxh347/jiaoj-rep-learn/Dataset/MUSIC/11solo_9duet/frames/xylophone/GezwOJW568A.mp4,244
/bask/homes/h/hxh347/jiaoj-rep-learn/Dataset/MUSIC/11solo_9duet/audio/xylophone/DGn7xcsxMPk.wav,/bask/homes/h/hxh347/jiaoj-rep-learn/Dataset/MUSIC/11solo_9duet/frames/xylophone/DGn7xcsxMPk.mp4,1031
/bask/homes/h/hxh347/jiaoj-rep-learn/Dataset/MUSIC/11solo_9duet/audio/acoustic_guitar_violin/vEOyhF8KLPE.wav,/bask/homes/h/hxh347/jiaoj-rep-learn/Dataset/MUSIC/11solo_9duet/frames/acoustic_guitar_violin/vEOyhF8KLPE.mp4,1358
/bask/homes/h/hxh347/jiaoj-rep-learn/Dataset/MUSIC/11solo_9duet/audio/erhu/GtQixP8bAk8.wav,/bask/homes/h/hxh347/jiaoj-rep-learn/Dataset/MUSIC/11solo_9duet/frames/erhu/GtQixP8bAk8.mp4,1029
/bask/homes/h/hxh347/jiaoj-rep-learn/Dataset/MUSIC/11solo_9duet/audio/clarinet_acoustic_guitar/NLooa9XHDMc.wav,/bask/homes/h/hxh347/jiaoj-rep-learn/Dataset/MUSIC/11solo_9duet/frames/clarinet_acoustic_guitar/NLooa9XHDMc.mp4,2215
/bask/homes/h/hxh347/jiaoj-rep-learn/Dataset/MUSIC/11solo_9duet/audio/saxophone/uPkGEtn5jxE.wav,/bask/homes/h/hxh347/jiaoj-rep-learn/Dataset/MUSIC/11solo_9duet/frames/saxophone/uPkGEtn5jxE.mp4,1494
/bask/homes/h/hxh347/jiaoj-rep-learn/Dataset/MUSIC/11solo_9duet/audio/acoustic_guitar/7zrsesZWrhc.wav,/bask/homes/h/hxh347/jiaoj-rep-learn/Dataset/MUSIC/11solo_9duet/frames/acoustic_guitar/7zrsesZWrhc.mp4,1861
/bask/homes/h/hxh347/jiaoj-rep-learn/Dataset/MUSIC/11solo_9duet/audio/cello/TBngVoy_GrE.wav,/bask/homes/h/hxh347/jiaoj-rep-learn/Dataset/MUSIC/11solo_9duet/frames/cello/TBngVoy_GrE.mp4,878
/bask/homes/h/hxh347/jiaoj-rep-learn/Dataset/MUSIC/11solo_9duet/audio/tuba/S9ES30JJTZc.wav,/bask/homes/h/hxh347/jiaoj-rep-learn/Dataset/MUSIC/11solo_9duet/frames/tuba/S9ES30JJTZc.mp4,488
/bask/homes/h/hxh347/jiaoj-rep-learn/Dataset/MUSIC/11solo_9duet/audio/cello/Rr1UkDkhDlA.wav,/bask/homes/h/hxh347/jiaoj-rep-learn/Dataset/MUSIC/11solo_9duet/frames/cello/Rr1UkDkhDlA.mp4,1256
/bask/homes/h/hxh347/jiaoj-rep-learn/Dataset/MUSIC/11solo_9duet/audio/xylophone/Xx0Haa8Fk2o.wav,/bask/homes/h/hxh347/jiaoj-rep-learn/Dataset/MUSIC/11solo_9duet/frames/xylophone/Xx0Haa8Fk2o.mp4,1762
/bask/homes/h/hxh347/jiaoj-rep-learn/Dataset/MUSIC/11solo_9duet/audio/cello_acoustic_guitar/bLjS6E6c0IA.wav,/bask/homes/h/hxh347/jiaoj-rep-learn/Dataset/MUSIC/11solo_9duet/frames/cello_acoustic_guitar/bLjS6E6c0IA.mp4,1517
/bask/homes/h/hxh347/jiaoj-rep-learn/Dataset/MUSIC/11solo_9duet/audio/trumpet/wEF6fWnx_wY.wav,/bask/homes/h/hxh347/jiaoj-rep-learn/Dataset/MUSIC/11solo_9duet/frames/trumpet/wEF6fWnx_wY.mp4,702
/bask/homes/h/hxh347/jiaoj-rep-learn/Dataset/MUSIC/11solo_9duet/audio/violin/85KcVDCQLfc.wav,/bask/homes/h/hxh347/jiaoj-rep-learn/Dataset/MUSIC/11solo_9duet/frames/violin/85KcVDCQLfc.mp4,1278
/bask/homes/h/hxh347/jiaoj-rep-learn/Dataset/MUSIC/11solo_9duet/audio/acoustic_guitar/72yB-xyIcGI.wav,/bask/homes/h/hxh347/jiaoj-rep-learn/Dataset/MUSIC/11solo_9duet/frames/acoustic_guitar/72yB-xyIcGI.mp4,1783
/bask/homes/h/hxh347/jiaoj-rep-learn/Dataset/MUSIC/11solo_9duet/audio/cello_acoustic_guitar/wgpwadsv5YQ.wav,/bask/homes/h/hxh347/jiaoj-rep-learn/Dataset/MUSIC/11solo_9duet/frames/cello_acoustic_guitar/wgpwadsv5YQ.mp4,1769
/bask/homes/h/hxh347/jiaoj-rep-learn/Dataset/MUSIC/11solo_9duet/audio/cello/PEyIPSlJNQM.wav,/bask/homes/h/hxh347/jiaoj-rep-learn/Dataset/MUSIC/11solo_9duet/frames/cello/PEyIPSlJNQM.mp4,1286
/bask/homes/h/hxh347/jiaoj-rep-learn/Dataset/MUSIC/11solo_9duet/audio/acoustic_guitar_violin/kD4X8FmGlC4.wav,/bask/homes/h/hxh347/jiaoj-rep-learn/Dataset/MUSIC/11solo_9duet/frames/acoustic_guitar_violin/kD4X8FmGlC4.mp4,1390
/bask/homes/h/hxh347/jiaoj-rep-learn/Dataset/MUSIC/11solo_9duet/audio/cello/7RRqeIUqXPs.wav,/bask/homes/h/hxh347/jiaoj-rep-learn/Dataset/MUSIC/11solo_9duet/frames/cello/7RRqeIUqXPs.mp4,1532
/bask/homes/h/hxh347/jiaoj-rep-learn/Dataset/MUSIC/11solo_9duet/audio/clarinet/eIqVZuyPu2U.wav,/bask/homes/h/hxh347/jiaoj-rep-learn/Dataset/MUSIC/11solo_9duet/frames/clarinet/eIqVZuyPu2U.mp4,478
/bask/homes/h/hxh347/jiaoj-rep-learn/Dataset/MUSIC/11solo_9duet/audio/acoustic_guitar_violin/1xWqVxZNf1Q.wav,/bask/homes/h/hxh347/jiaoj-rep-learn/Dataset/MUSIC/11solo_9duet/frames/acoustic_guitar_violin/1xWqVxZNf1Q.mp4,1420
/bask/homes/h/hxh347/jiaoj-rep-learn/Dataset/MUSIC/11solo_9duet/audio/cello/VdFnyZWJAgo.wav,/bask/homes/h/hxh347/jiaoj-rep-learn/Dataset/MUSIC/11solo_9duet/frames/cello/VdFnyZWJAgo.mp4,1744
/bask/homes/h/hxh347/jiaoj-rep-learn/Dataset/MUSIC/11solo_9duet/audio/tuba/Gufj4Jhk92I.wav,/bask/homes/h/hxh347/jiaoj-rep-learn/Dataset/MUSIC/11solo_9duet/frames/tuba/Gufj4Jhk92I.mp4,531
/bask/homes/h/hxh347/jiaoj-rep-learn/Dataset/MUSIC/11solo_9duet/audio/acoustic_guitar_violin/jr-coZHlWl8.wav,/bask/homes/h/hxh347/jiaoj-rep-learn/Dataset/MUSIC/11solo_9duet/frames/acoustic_guitar_violin/jr-coZHlWl8.mp4,1691
/bask/homes/h/hxh347/jiaoj-rep-learn/Dataset/MUSIC/11solo_9duet/audio/flute/BhXj3rVWGZ0.wav,/bask/homes/h/hxh347/jiaoj-rep-learn/Dataset/MUSIC/11solo_9duet/frames/flute/BhXj3rVWGZ0.mp4,1144
/bask/homes/h/hxh347/jiaoj-rep-learn/Dataset/MUSIC/11solo_9duet/audio/saxophone/5_NsbkyLO2Q.wav,/bask/homes/h/hxh347/jiaoj-rep-learn/Dataset/MUSIC/11solo_9duet/frames/saxophone/5_NsbkyLO2Q.mp4,1755
/bask/homes/h/hxh347/jiaoj-rep-learn/Dataset/MUSIC/11solo_9duet/audio/accordion/qMFYRw0uZ_E.wav,/bask/homes/h/hxh347/jiaoj-rep-learn/Dataset/MUSIC/11solo_9duet/frames/accordion/qMFYRw0uZ_E.mp4,1775
/bask/homes/h/hxh347/jiaoj-rep-learn/Dataset/MUSIC/11solo_9duet/audio/accordion/bq5utI8KK_8.wav,/bask/homes/h/hxh347/jiaoj-rep-learn/Dataset/MUSIC/11solo_9duet/frames/accordion/bq5utI8KK_8.mp4,866
/bask/homes/h/hxh347/jiaoj-rep-learn/Dataset/MUSIC/11solo_9duet/audio/accordion/t_3Zm1PbydA.wav,/bask/homes/h/hxh347/jiaoj-rep-learn/Dataset/MUSIC/11solo_9duet/frames/accordion/t_3Zm1PbydA.mp4,1873
/bask/homes/h/hxh347/jiaoj-rep-learn/Dataset/MUSIC/11solo_9duet/audio/acoustic_guitar_violin/sTo7AxrWIHE.wav,/bask/homes/h/hxh347/jiaoj-rep-learn/Dataset/MUSIC/11solo_9duet/frames/acoustic_guitar_violin/sTo7AxrWIHE.mp4,2037
/bask/homes/h/hxh347/jiaoj-rep-learn/Dataset/MUSIC/11solo_9duet/audio/erhu/HGqEtp1wpyc.wav,/bask/homes/h/hxh347/jiaoj-rep-learn/Dataset/MUSIC/11solo_9duet/frames/erhu/HGqEtp1wpyc.mp4,1096
/bask/homes/h/hxh347/jiaoj-rep-learn/Dataset/MUSIC/11solo_9duet/audio/tuba/BabDKZLYlyE.wav,/bask/homes/h/hxh347/jiaoj-rep-learn/Dataset/MUSIC/11solo_9duet/frames/tuba/BabDKZLYlyE.mp4,285
/bask/homes/h/hxh347/jiaoj-rep-learn/Dataset/MUSIC/11solo_9duet/audio/flute_trumpet/gfkfwnOFybM.wav,/bask/homes/h/hxh347/jiaoj-rep-learn/Dataset/MUSIC/11solo_9duet/frames/flute_trumpet/gfkfwnOFybM.mp4,367
/bask/homes/h/hxh347/jiaoj-rep-learn/Dataset/MUSIC/11solo_9duet/audio/acoustic_guitar_violin/w55jJXSspUo.wav,/bask/homes/h/hxh347/jiaoj-rep-learn/Dataset/MUSIC/11solo_9duet/frames/acoustic_guitar_violin/w55jJXSspUo.mp4,1947
/bask/homes/h/hxh347/jiaoj-rep-learn/Dataset/MUSIC/11solo_9duet/audio/cello/MvkJvZSOmjY.wav,/bask/homes/h/hxh347/jiaoj-rep-learn/Dataset/MUSIC/11solo_9duet/frames/cello/MvkJvZSOmjY.mp4,365
/bask/homes/h/hxh347/jiaoj-rep-learn/Dataset/MUSIC/11solo_9duet/audio/acoustic_guitar/8rcClHLysvU.wav,/bask/homes/h/hxh347/jiaoj-rep-learn/Dataset/MUSIC/11solo_9duet/frames/acoustic_guitar/8rcClHLysvU.mp4,1226
/bask/homes/h/hxh347/jiaoj-rep-learn/Dataset/MUSIC/11solo_9duet/audio/cello/U2s_4d0ZLT8.wav,/bask/homes/h/hxh347/jiaoj-rep-learn/Dataset/MUSIC/11solo_9duet/frames/cello/U2s_4d0ZLT8.mp4,1481
/bask/homes/h/hxh347/jiaoj-rep-learn/Dataset/MUSIC/11solo_9duet/audio/acoustic_guitar_violin/4zpGMEalJHk.wav,/bask/homes/h/hxh347/jiaoj-rep-learn/Dataset/MUSIC/11solo_9duet/frames/acoustic_guitar_violin/4zpGMEalJHk.mp4,1310
/bask/homes/h/hxh347/jiaoj-rep-learn/Dataset/MUSIC/11solo_9duet/audio/trumpet/_AtTFfgZvEk.wav,/bask/homes/h/hxh347/jiaoj-rep-learn/Dataset/MUSIC/11solo_9duet/frames/trumpet/_AtTFfgZvEk.mp4,602
/bask/homes/h/hxh347/jiaoj-rep-learn/Dataset/MUSIC/11solo_9duet/audio/trumpet/aavW-tx8daw.wav,/bask/homes/h/hxh347/jiaoj-rep-learn/Dataset/MUSIC/11solo_9duet/frames/trumpet/aavW-tx8daw.mp4,705
/bask/homes/h/hxh347/jiaoj-rep-learn/Dataset/MUSIC/11solo_9duet/audio/xylophone_acoustic_guitar/fXjfvEcAV6w.wav,/bask/homes/h/hxh347/jiaoj-rep-learn/Dataset/MUSIC/11solo_9duet/frames/xylophone_acoustic_guitar/fXjfvEcAV6w.mp4,8547
/bask/homes/h/hxh347/jiaoj-rep-learn/Dataset/MUSIC/11solo_9duet/audio/acoustic_guitar/PDohhCaNf98.wav,/bask/homes/h/hxh347/jiaoj-rep-learn/Dataset/MUSIC/11solo_9duet/frames/acoustic_guitar/PDohhCaNf98.mp4,1826
/bask/homes/h/hxh347/jiaoj-rep-learn/Dataset/MUSIC/11solo_9duet/audio/cello/I--nizkVQzE.wav,/bask/homes/h/hxh347/jiaoj-rep-learn/Dataset/MUSIC/11solo_9duet/frames/cello/I--nizkVQzE.mp4,811
/bask/homes/h/hxh347/jiaoj-rep-learn/Dataset/MUSIC/11solo_9duet/audio/xylophone/KPTyodoU2ng.wav,/bask/homes/h/hxh347/jiaoj-rep-learn/Dataset/MUSIC/11solo_9duet/frames/xylophone/KPTyodoU2ng.mp4,1513
/bask/homes/h/hxh347/jiaoj-rep-learn/Dataset/MUSIC/11solo_9duet/audio/clarinet/P5nnnybNQ_o.wav,/bask/homes/h/hxh347/jiaoj-rep-learn/Dataset/MUSIC/11solo_9duet/frames/clarinet/P5nnnybNQ_o.mp4,721
/bask/homes/h/hxh347/jiaoj-rep-learn/Dataset/MUSIC/11solo_9duet/audio/tuba/4lVuJEIaXgo.wav,/bask/homes/h/hxh347/jiaoj-rep-learn/Dataset/MUSIC/11solo_9duet/frames/tuba/4lVuJEIaXgo.mp4,488
/bask/homes/h/hxh347/jiaoj-rep-learn/Dataset/MUSIC/11solo_9duet/audio/saxophone_acoustic_guitar/7baQOJtiFMc.wav,/bask/homes/h/hxh347/jiaoj-rep-learn/Dataset/MUSIC/11solo_9duet/frames/saxophone_acoustic_guitar/7baQOJtiFMc.mp4,457
/bask/homes/h/hxh347/jiaoj-rep-learn/Dataset/MUSIC/11solo_9duet/audio/acoustic_guitar/Eaq914E77oY.wav,/bask/homes/h/hxh347/jiaoj-rep-learn/Dataset/MUSIC/11solo_9duet/frames/acoustic_guitar/Eaq914E77oY.mp4,1130
/bask/homes/h/hxh347/jiaoj-rep-learn/Dataset/MUSIC/11solo_9duet/audio/cello/QZEkGj9m1qs.wav,/bask/homes/h/hxh347/jiaoj-rep-learn/Dataset/MUSIC/11solo_9duet/frames/cello/QZEkGj9m1qs.mp4,773
/bask/homes/h/hxh347/jiaoj-rep-learn/Dataset/MUSIC/11solo_9duet/audio/erhu/-e5DuAUwBgA.wav,/bask/homes/h/hxh347/jiaoj-rep-learn/Dataset/MUSIC/11solo_9duet/frames/erhu/-e5DuAUwBgA.mp4,829
/bask/homes/h/hxh347/jiaoj-rep-learn/Dataset/MUSIC/11solo_9duet/audio/violin/8mDNLCo1McQ.wav,/bask/homes/h/hxh347/jiaoj-rep-learn/Dataset/MUSIC/11solo_9duet/frames/violin/8mDNLCo1McQ.mp4,882
/bask/homes/h/hxh347/jiaoj-rep-learn/Dataset/MUSIC/11solo_9duet/audio/erhu/DLTK2_UyrDI.wav,/bask/homes/h/hxh347/jiaoj-rep-learn/Dataset/MUSIC/11solo_9duet/frames/erhu/DLTK2_UyrDI.mp4,673
/bask/homes/h/hxh347/jiaoj-rep-learn/Dataset/MUSIC/11solo_9duet/audio/violin/pWGLb57zbz8.wav,/bask/homes/h/hxh347/jiaoj-rep-learn/Dataset/MUSIC/11solo_9duet/frames/violin/pWGLb57zbz8.mp4,1176
/bask/homes/h/hxh347/jiaoj-rep-learn/Dataset/MUSIC/11solo_9duet/audio/accordion/iB17xqmFw3A.wav,/bask/homes/h/hxh347/jiaoj-rep-learn/Dataset/MUSIC/11solo_9duet/frames/accordion/iB17xqmFw3A.mp4,1586
/bask/homes/h/hxh347/jiaoj-rep-learn/Dataset/MUSIC/11solo_9duet/audio/violin/rxr5tTH8_mM.wav,/bask/homes/h/hxh347/jiaoj-rep-learn/Dataset/MUSIC/11solo_9duet/frames/violin/rxr5tTH8_mM.mp4,1825
/bask/homes/h/hxh347/jiaoj-rep-learn/Dataset/MUSIC/11solo_9duet/audio/cello/Rj5XJO5T8PY.wav,/bask/homes/h/hxh347/jiaoj-rep-learn/Dataset/MUSIC/11solo_9duet/frames/cello/Rj5XJO5T8PY.mp4,1043
/bask/homes/h/hxh347/jiaoj-rep-learn/Dataset/MUSIC/11solo_9duet/audio/accordion/QaOUijKCqZU.wav,/bask/homes/h/hxh347/jiaoj-rep-learn/Dataset/MUSIC/11solo_9duet/frames/accordion/QaOUijKCqZU.mp4,963
/bask/homes/h/hxh347/jiaoj-rep-learn/Dataset/MUSIC/11solo_9duet/audio/flute/SAN5JBTnlas.wav,/bask/homes/h/hxh347/jiaoj-rep-learn/Dataset/MUSIC/11solo_9duet/frames/flute/SAN5JBTnlas.mp4,451
/bask/homes/h/hxh347/jiaoj-rep-learn/Dataset/MUSIC/11solo_9duet/audio/xylophone/PF9PrzmkR2Q.wav,/bask/homes/h/hxh347/jiaoj-rep-learn/Dataset/MUSIC/11solo_9duet/frames/xylophone/PF9PrzmkR2Q.mp4,692
/bask/homes/h/hxh347/jiaoj-rep-learn/Dataset/MUSIC/11solo_9duet/audio/accordion/vhVtX8F0-BY.wav,/bask/homes/h/hxh347/jiaoj-rep-learn/Dataset/MUSIC/11solo_9duet/frames/accordion/vhVtX8F0-BY.mp4,972
/bask/homes/h/hxh347/jiaoj-rep-learn/Dataset/MUSIC/11solo_9duet/audio/flute/QAiwlq3aP2U.wav,/bask/homes/h/hxh347/jiaoj-rep-learn/Dataset/MUSIC/11solo_9duet/frames/flute/QAiwlq3aP2U.mp4,1115
/bask/homes/h/hxh347/jiaoj-rep-learn/Dataset/MUSIC/11solo_9duet/audio/flute_violin/Vxe4R5qqEPI.wav,/bask/homes/h/hxh347/jiaoj-rep-learn/Dataset/MUSIC/11solo_9duet/frames/flute_violin/Vxe4R5qqEPI.mp4,2230
/bask/homes/h/hxh347/jiaoj-rep-learn/Dataset/MUSIC/11solo_9duet/audio/clarinet/cEhrpbRf-DY.wav,/bask/homes/h/hxh347/jiaoj-rep-learn/Dataset/MUSIC/11solo_9duet/frames/clarinet/cEhrpbRf-DY.mp4,608
/bask/homes/h/hxh347/jiaoj-rep-learn/Dataset/MUSIC/11solo_9duet/audio/trumpet_tuba/n8-2q4dheyU.wav,/bask/homes/h/hxh347/jiaoj-rep-learn/Dataset/MUSIC/11solo_9duet/frames/trumpet_tuba/n8-2q4dheyU.mp4,6645
/bask/homes/h/hxh347/jiaoj-rep-learn/Dataset/MUSIC/11solo_9duet/audio/trumpet/S3G9BjzPKXo.wav,/bask/homes/h/hxh347/jiaoj-rep-learn/Dataset/MUSIC/11solo_9duet/frames/trumpet/S3G9BjzPKXo.mp4,341
/bask/homes/h/hxh347/jiaoj-rep-learn/Dataset/MUSIC/11solo_9duet/audio/tuba/8EU0xM-pQOI.wav,/bask/homes/h/hxh347/jiaoj-rep-learn/Dataset/MUSIC/11solo_9duet/frames/tuba/8EU0xM-pQOI.mp4,312
/bask/homes/h/hxh347/jiaoj-rep-learn/Dataset/MUSIC/11solo_9duet/audio/xylophone_acoustic_guitar/vBgwzJYJ5yk.wav,/bask/homes/h/hxh347/jiaoj-rep-learn/Dataset/MUSIC/11solo_9duet/frames/xylophone_acoustic_guitar/vBgwzJYJ5yk.mp4,2900
/bask/homes/h/hxh347/jiaoj-rep-learn/Dataset/MUSIC/11solo_9duet/audio/accordion/2gyrqiqTuiM.wav,/bask/homes/h/hxh347/jiaoj-rep-learn/Dataset/MUSIC/11solo_9duet/frames/accordion/2gyrqiqTuiM.mp4,1671
/bask/homes/h/hxh347/jiaoj-rep-learn/Dataset/MUSIC/11solo_9duet/audio/clarinet/cZ9-NYYmhXw.wav,/bask/homes/h/hxh347/jiaoj-rep-learn/Dataset/MUSIC/11solo_9duet/frames/clarinet/cZ9-NYYmhXw.mp4,1437
/bask/homes/h/hxh347/jiaoj-rep-learn/Dataset/MUSIC/11solo_9duet/audio/erhu/-5MipMQ25cU.wav,/bask/homes/h/hxh347/jiaoj-rep-learn/Dataset/MUSIC/11solo_9duet/frames/erhu/-5MipMQ25cU.mp4,982
/bask/homes/h/hxh347/jiaoj-rep-learn/Dataset/MUSIC/11solo_9duet/audio/violin/w81p5ty4OZc.wav,/bask/homes/h/hxh347/jiaoj-rep-learn/Dataset/MUSIC/11solo_9duet/frames/violin/w81p5ty4OZc.mp4,1034
/bask/homes/h/hxh347/jiaoj-rep-learn/Dataset/MUSIC/11solo_9duet/audio/trumpet/EwG7o3SS-r0.wav,/bask/homes/h/hxh347/jiaoj-rep-learn/Dataset/MUSIC/11solo_9duet/frames/trumpet/EwG7o3SS-r0.mp4,715
/bask/homes/h/hxh347/jiaoj-rep-learn/Dataset/MUSIC/11solo_9duet/audio/clarinet_acoustic_guitar/4oCTFMSUFlA.wav,/bask/homes/h/hxh347/jiaoj-rep-learn/Dataset/MUSIC/11solo_9duet/frames/clarinet_acoustic_guitar/4oCTFMSUFlA.mp4,1337
/bask/homes/h/hxh347/jiaoj-rep-learn/Dataset/MUSIC/11solo_9duet/audio/xylophone/NdzCe7COROw.wav,/bask/homes/h/hxh347/jiaoj-rep-learn/Dataset/MUSIC/11solo_9duet/frames/xylophone/NdzCe7COROw.mp4,1761
/bask/homes/h/hxh347/jiaoj-rep-learn/Dataset/MUSIC/11solo_9duet/audio/cello/PCicM6i59_I.wav,/bask/homes/h/hxh347/jiaoj-rep-learn/Dataset/MUSIC/11solo_9duet/frames/cello/PCicM6i59_I.mp4,1323
/bask/homes/h/hxh347/jiaoj-rep-learn/Dataset/MUSIC/11solo_9duet/audio/acoustic_guitar/ZeQPNWdFs_4.wav,/bask/homes/h/hxh347/jiaoj-rep-learn/Dataset/MUSIC/11solo_9duet/frames/acoustic_guitar/ZeQPNWdFs_4.mp4,1684
/bask/homes/h/hxh347/jiaoj-rep-learn/Dataset/MUSIC/11solo_9duet/audio/acoustic_guitar_violin/jLY5DKM6HoI.wav,/bask/homes/h/hxh347/jiaoj-rep-learn/Dataset/MUSIC/11solo_9duet/frames/acoustic_guitar_violin/jLY5DKM6HoI.mp4,2568
/bask/homes/h/hxh347/jiaoj-rep-learn/Dataset/MUSIC/11solo_9duet/audio/cello/I0LedcEaPL0.wav,/bask/homes/h/hxh347/jiaoj-rep-learn/Dataset/MUSIC/11solo_9duet/frames/cello/I0LedcEaPL0.mp4,1458
/bask/homes/h/hxh347/jiaoj-rep-learn/Dataset/MUSIC/11solo_9duet/audio/acoustic_guitar/AszMf9QGxug.wav,/bask/homes/h/hxh347/jiaoj-rep-learn/Dataset/MUSIC/11solo_9duet/frames/acoustic_guitar/AszMf9QGxug.mp4,1663
/bask/homes/h/hxh347/jiaoj-rep-learn/Dataset/MUSIC/11solo_9duet/audio/acoustic_guitar/RgB3wzNVZyY.wav,/bask/homes/h/hxh347/jiaoj-rep-learn/Dataset/MUSIC/11solo_9duet/frames/acoustic_guitar/RgB3wzNVZyY.mp4,797
/bask/homes/h/hxh347/jiaoj-rep-learn/Dataset/MUSIC/11solo_9duet/audio/flute/UZK_2bTuzrI.wav,/bask/homes/h/hxh347/jiaoj-rep-learn/Dataset/MUSIC/11solo_9duet/frames/flute/UZK_2bTuzrI.mp4,298
/bask/homes/h/hxh347/jiaoj-rep-learn/Dataset/MUSIC/11solo_9duet/audio/clarinet/iHQIK5JM3Xo.wav,/bask/homes/h/hxh347/jiaoj-rep-learn/Dataset/MUSIC/11solo_9duet/frames/clarinet/iHQIK5JM3Xo.mp4,887
/bask/homes/h/hxh347/jiaoj-rep-learn/Dataset/MUSIC/11solo_9duet/audio/flute_violin/XbOYpwFkn7o.wav,/bask/homes/h/hxh347/jiaoj-rep-learn/Dataset/MUSIC/11solo_9duet/frames/flute_violin/XbOYpwFkn7o.mp4,790
/bask/homes/h/hxh347/jiaoj-rep-learn/Dataset/MUSIC/11solo_9duet/audio/saxophone/lm51ySOO71o.wav,/bask/homes/h/hxh347/jiaoj-rep-learn/Dataset/MUSIC/11solo_9duet/frames/saxophone/lm51ySOO71o.mp4,638
/bask/homes/h/hxh347/jiaoj-rep-learn/Dataset/MUSIC/11solo_9duet/audio/clarinet_acoustic_guitar/HihdcTYa-8k.wav,/bask/homes/h/hxh347/jiaoj-rep-learn/Dataset/MUSIC/11solo_9duet/frames/clarinet_acoustic_guitar/HihdcTYa-8k.mp4,1717
/bask/homes/h/hxh347/jiaoj-rep-learn/Dataset/MUSIC/11solo_9duet/audio/tuba/2tG4y_uyEAY.wav,/bask/homes/h/hxh347/jiaoj-rep-learn/Dataset/MUSIC/11solo_9duet/frames/tuba/2tG4y_uyEAY.mp4,512
/bask/homes/h/hxh347/jiaoj-rep-learn/Dataset/MUSIC/11solo_9duet/audio/acoustic_guitar_violin/BI7SMfb-sek.wav,/bask/homes/h/hxh347/jiaoj-rep-learn/Dataset/MUSIC/11solo_9duet/frames/acoustic_guitar_violin/BI7SMfb-sek.mp4,1097
/bask/homes/h/hxh347/jiaoj-rep-learn/Dataset/MUSIC/11solo_9duet/audio/xylophone_acoustic_guitar/GIB4tnBSWtg.wav,/bask/homes/h/hxh347/jiaoj-rep-learn/Dataset/MUSIC/11solo_9duet/frames/xylophone_acoustic_guitar/GIB4tnBSWtg.mp4,384
/bask/homes/h/hxh347/jiaoj-rep-learn/Dataset/MUSIC/11solo_9duet/audio/acoustic_guitar/Pzf9MQKkoNM.wav,/bask/homes/h/hxh347/jiaoj-rep-learn/Dataset/MUSIC/11solo_9duet/frames/acoustic_guitar/Pzf9MQKkoNM.mp4,1110
/bask/homes/h/hxh347/jiaoj-rep-learn/Dataset/MUSIC/11solo_9duet/audio/clarinet_acoustic_guitar/S3ZIb96M6Ag.wav,/bask/homes/h/hxh347/jiaoj-rep-learn/Dataset/MUSIC/11solo_9duet/frames/clarinet_acoustic_guitar/S3ZIb96M6Ag.mp4,1562
/bask/homes/h/hxh347/jiaoj-rep-learn/Dataset/MUSIC/11solo_9duet/audio/xylophone/fhf2cx9t4vY.wav,/bask/homes/h/hxh347/jiaoj-rep-learn/Dataset/MUSIC/11solo_9duet/frames/xylophone/fhf2cx9t4vY.mp4,168
/bask/homes/h/hxh347/jiaoj-rep-learn/Dataset/MUSIC/11solo_9duet/audio/acoustic_guitar_violin/4EWZakWPgrk.wav,/bask/homes/h/hxh347/jiaoj-rep-learn/Dataset/MUSIC/11solo_9duet/frames/acoustic_guitar_violin/4EWZakWPgrk.mp4,1362
/bask/homes/h/hxh347/jiaoj-rep-learn/Dataset/MUSIC/11solo_9duet/audio/clarinet/0IRJ75zgcAY.wav,/bask/homes/h/hxh347/jiaoj-rep-learn/Dataset/MUSIC/11solo_9duet/frames/clarinet/0IRJ75zgcAY.mp4,1421
/bask/homes/h/hxh347/jiaoj-rep-learn/Dataset/MUSIC/11solo_9duet/audio/cello/1Ju4S0qeDqw.wav,/bask/homes/h/hxh347/jiaoj-rep-learn/Dataset/MUSIC/11solo_9duet/frames/cello/1Ju4S0qeDqw.mp4,1374
/bask/homes/h/hxh347/jiaoj-rep-learn/Dataset/MUSIC/11solo_9duet/audio/clarinet/X3GbAKww1KI.wav,/bask/homes/h/hxh347/jiaoj-rep-learn/Dataset/MUSIC/11solo_9duet/frames/clarinet/X3GbAKww1KI.mp4,537
/bask/homes/h/hxh347/jiaoj-rep-learn/Dataset/MUSIC/11solo_9duet/audio/violin/bapfkDpaSGw.wav,/bask/homes/h/hxh347/jiaoj-rep-learn/Dataset/MUSIC/11solo_9duet/frames/violin/bapfkDpaSGw.mp4,874
/bask/homes/h/hxh347/jiaoj-rep-learn/Dataset/MUSIC/11solo_9duet/audio/clarinet/WnUAJsk97k4.wav,/bask/homes/h/hxh347/jiaoj-rep-learn/Dataset/MUSIC/11solo_9duet/frames/clarinet/WnUAJsk97k4.mp4,1021
/bask/homes/h/hxh347/jiaoj-rep-learn/Dataset/MUSIC/11solo_9duet/audio/acoustic_guitar/5awjINljUoo.wav,/bask/homes/h/hxh347/jiaoj-rep-learn/Dataset/MUSIC/11solo_9duet/frames/acoustic_guitar/5awjINljUoo.mp4,1229
/bask/homes/h/hxh347/jiaoj-rep-learn/Dataset/MUSIC/11solo_9duet/audio/accordion/Z_yNLFYjpsY.wav,/bask/homes/h/hxh347/jiaoj-rep-learn/Dataset/MUSIC/11solo_9duet/frames/accordion/Z_yNLFYjpsY.mp4,845
/bask/homes/h/hxh347/jiaoj-rep-learn/Dataset/MUSIC/11solo_9duet/audio/flute_trumpet/JDV3yiF-6DU.wav,/bask/homes/h/hxh347/jiaoj-rep-learn/Dataset/MUSIC/11solo_9duet/frames/flute_trumpet/JDV3yiF-6DU.mp4,604
/bask/homes/h/hxh347/jiaoj-rep-learn/Dataset/MUSIC/11solo_9duet/audio/acoustic_guitar_violin/j97FUC5-hpY.wav,/bask/homes/h/hxh347/jiaoj-rep-learn/Dataset/MUSIC/11solo_9duet/frames/acoustic_guitar_violin/j97FUC5-hpY.mp4,1196
/bask/homes/h/hxh347/jiaoj-rep-learn/Dataset/MUSIC/11solo_9duet/audio/saxophone/OufpA4FV1Tc.wav,/bask/homes/h/hxh347/jiaoj-rep-learn/Dataset/MUSIC/11solo_9duet/frames/saxophone/OufpA4FV1Tc.mp4,1065
/bask/homes/h/hxh347/jiaoj-rep-learn/Dataset/MUSIC/11solo_9duet/audio/acoustic_guitar_violin/FsZKFElmdDg.wav,/bask/homes/h/hxh347/jiaoj-rep-learn/Dataset/MUSIC/11solo_9duet/frames/acoustic_guitar_violin/FsZKFElmdDg.mp4,1786
/bask/homes/h/hxh347/jiaoj-rep-learn/Dataset/MUSIC/11solo_9duet/audio/tuba/GV2bbRPFhvk.wav,/bask/homes/h/hxh347/jiaoj-rep-learn/Dataset/MUSIC/11solo_9duet/frames/tuba/GV2bbRPFhvk.mp4,328
/bask/homes/h/hxh347/jiaoj-rep-learn/Dataset/MUSIC/11solo_9duet/audio/flute/tfcNUo8qjrA.wav,/bask/homes/h/hxh347/jiaoj-rep-learn/Dataset/MUSIC/11solo_9duet/frames/flute/tfcNUo8qjrA.mp4,1029
/bask/homes/h/hxh347/jiaoj-rep-learn/Dataset/MUSIC/11solo_9duet/audio/acoustic_guitar_violin/8GsWxA7kalQ.wav,/bask/homes/h/hxh347/jiaoj-rep-learn/Dataset/MUSIC/11solo_9duet/frames/acoustic_guitar_violin/8GsWxA7kalQ.mp4,2733
/bask/homes/h/hxh347/jiaoj-rep-learn/Dataset/MUSIC/11solo_9duet/audio/accordion/UKk9DJD1jOo.wav,/bask/homes/h/hxh347/jiaoj-rep-learn/Dataset/MUSIC/11solo_9duet/frames/accordion/UKk9DJD1jOo.mp4,1179
/bask/homes/h/hxh347/jiaoj-rep-learn/Dataset/MUSIC/11solo_9duet/audio/flute/XlPvAkLT3Yw.wav,/bask/homes/h/hxh347/jiaoj-rep-learn/Dataset/MUSIC/11solo_9duet/frames/flute/XlPvAkLT3Yw.mp4,1633
/bask/homes/h/hxh347/jiaoj-rep-learn/Dataset/MUSIC/11solo_9duet/audio/tuba/C3s60zFIPTs.wav,/bask/homes/h/hxh347/jiaoj-rep-learn/Dataset/MUSIC/11solo_9duet/frames/tuba/C3s60zFIPTs.mp4,1335
/bask/homes/h/hxh347/jiaoj-rep-learn/Dataset/MUSIC/11solo_9duet/audio/xylophone_flute/whkxXZq4bKg.wav,/bask/homes/h/hxh347/jiaoj-rep-learn/Dataset/MUSIC/11solo_9duet/frames/xylophone_flute/whkxXZq4bKg.mp4,1116
/bask/homes/h/hxh347/jiaoj-rep-learn/Dataset/MUSIC/11solo_9duet/audio/cello/M3YZEmQyt6c.wav,/bask/homes/h/hxh347/jiaoj-rep-learn/Dataset/MUSIC/11solo_9duet/frames/cello/M3YZEmQyt6c.mp4,1666
/bask/homes/h/hxh347/jiaoj-rep-learn/Dataset/MUSIC/11solo_9duet/audio/cello/Mh2tJbJiWQQ.wav,/bask/homes/h/hxh347/jiaoj-rep-learn/Dataset/MUSIC/11solo_9duet/frames/cello/Mh2tJbJiWQQ.mp4,1471
/bask/homes/h/hxh347/jiaoj-rep-learn/Dataset/MUSIC/11solo_9duet/audio/violin/VuDxLNdxl6I.wav,/bask/homes/h/hxh347/jiaoj-rep-learn/Dataset/MUSIC/11solo_9duet/frames/violin/VuDxLNdxl6I.mp4,1829
/bask/homes/h/hxh347/jiaoj-rep-learn/Dataset/MUSIC/11solo_9duet/audio/trumpet/sPtLTnsCgMY.wav,/bask/homes/h/hxh347/jiaoj-rep-learn/Dataset/MUSIC/11solo_9duet/frames/trumpet/sPtLTnsCgMY.mp4,167
/bask/homes/h/hxh347/jiaoj-rep-learn/Dataset/MUSIC/11solo_9duet/audio/violin/VtZXRWtp5G0.wav,/bask/homes/h/hxh347/jiaoj-rep-learn/Dataset/MUSIC/11solo_9duet/frames/violin/VtZXRWtp5G0.mp4,516
/bask/homes/h/hxh347/jiaoj-rep-learn/Dataset/MUSIC/11solo_9duet/audio/saxophone_acoustic_guitar/lMQVRb2mz44.wav,/bask/homes/h/hxh347/jiaoj-rep-learn/Dataset/MUSIC/11solo_9duet/frames/saxophone_acoustic_guitar/lMQVRb2mz44.mp4,1102
/bask/homes/h/hxh347/jiaoj-rep-learn/Dataset/MUSIC/11solo_9duet/audio/trumpet/2V12S02E2Jc.wav,/bask/homes/h/hxh347/jiaoj-rep-learn/Dataset/MUSIC/11solo_9duet/frames/trumpet/2V12S02E2Jc.mp4,637
/bask/homes/h/hxh347/jiaoj-rep-learn/Dataset/MUSIC/11solo_9duet/audio/trumpet/ds0ayqYweAc.wav,/bask/homes/h/hxh347/jiaoj-rep-learn/Dataset/MUSIC/11solo_9duet/frames/trumpet/ds0ayqYweAc.mp4,264
/bask/homes/h/hxh347/jiaoj-rep-learn/Dataset/MUSIC/11solo_9duet/audio/xylophone/-XAsXmbExkE.wav,/bask/homes/h/hxh347/jiaoj-rep-learn/Dataset/MUSIC/11solo_9duet/frames/xylophone/-XAsXmbExkE.mp4,1044
/bask/homes/h/hxh347/jiaoj-rep-learn/Dataset/MUSIC/11solo_9duet/audio/xylophone/QoFHDWgxD9w.wav,/bask/homes/h/hxh347/jiaoj-rep-learn/Dataset/MUSIC/11solo_9duet/frames/xylophone/QoFHDWgxD9w.mp4,1299
/bask/homes/h/hxh347/jiaoj-rep-learn/Dataset/MUSIC/11solo_9duet/audio/saxophone/9XoXQXCVUQY.wav,/bask/homes/h/hxh347/jiaoj-rep-learn/Dataset/MUSIC/11solo_9duet/frames/saxophone/9XoXQXCVUQY.mp4,504
/bask/homes/h/hxh347/jiaoj-rep-learn/Dataset/MUSIC/11solo_9duet/audio/saxophone/OxA5Z_5-w0E.wav,/bask/homes/h/hxh347/jiaoj-rep-learn/Dataset/MUSIC/11solo_9duet/frames/saxophone/OxA5Z_5-w0E.mp4,1429
/bask/homes/h/hxh347/jiaoj-rep-learn/Dataset/MUSIC/11solo_9duet/audio/cello_acoustic_guitar/y0WB29MJJgQ.wav,/bask/homes/h/hxh347/jiaoj-rep-learn/Dataset/MUSIC/11solo_9duet/frames/cello_acoustic_guitar/y0WB29MJJgQ.mp4,1451
/bask/homes/h/hxh347/jiaoj-rep-learn/Dataset/MUSIC/11solo_9duet/audio/violin/TOLoplXKr7U.wav,/bask/homes/h/hxh347/jiaoj-rep-learn/Dataset/MUSIC/11solo_9duet/frames/violin/TOLoplXKr7U.mp4,1091
/bask/homes/h/hxh347/jiaoj-rep-learn/Dataset/MUSIC/11solo_9duet/audio/accordion/yy2vL2RUiPI.wav,/bask/homes/h/hxh347/jiaoj-rep-learn/Dataset/MUSIC/11solo_9duet/frames/accordion/yy2vL2RUiPI.mp4,894
/bask/homes/h/hxh347/jiaoj-rep-learn/Dataset/MUSIC/11solo_9duet/audio/tuba/_idF1Hf3-CI.wav,/bask/homes/h/hxh347/jiaoj-rep-learn/Dataset/MUSIC/11solo_9duet/frames/tuba/_idF1Hf3-CI.mp4,1801
/bask/homes/h/hxh347/jiaoj-rep-learn/Dataset/MUSIC/11solo_9duet/audio/flute/BO7_8o4QSr4.wav,/bask/homes/h/hxh347/jiaoj-rep-learn/Dataset/MUSIC/11solo_9duet/frames/flute/BO7_8o4QSr4.mp4,307
/bask/homes/h/hxh347/jiaoj-rep-learn/Dataset/MUSIC/11solo_9duet/audio/saxophone_acoustic_guitar/vVcKpzkvInM.wav,/bask/homes/h/hxh347/jiaoj-rep-learn/Dataset/MUSIC/11solo_9duet/frames/saxophone_acoustic_guitar/vVcKpzkvInM.mp4,2234
/bask/homes/h/hxh347/jiaoj-rep-learn/Dataset/MUSIC/11solo_9duet/audio/cello/VYkZb7F4zKo.wav,/bask/homes/h/hxh347/jiaoj-rep-learn/Dataset/MUSIC/11solo_9duet/frames/cello/VYkZb7F4zKo.mp4,1355
/bask/homes/h/hxh347/jiaoj-rep-learn/Dataset/MUSIC/11solo_9duet/audio/saxophone_acoustic_guitar/jB58yIBmcTo.wav,/bask/homes/h/hxh347/jiaoj-rep-learn/Dataset/MUSIC/11solo_9duet/frames/saxophone_acoustic_guitar/jB58yIBmcTo.mp4,1507
/bask/homes/h/hxh347/jiaoj-rep-learn/Dataset/MUSIC/11solo_9duet/audio/acoustic_guitar/30BRN7-KOG4.wav,/bask/homes/h/hxh347/jiaoj-rep-learn/Dataset/MUSIC/11solo_9duet/frames/acoustic_guitar/30BRN7-KOG4.mp4,1757
/bask/homes/h/hxh347/jiaoj-rep-learn/Dataset/MUSIC/11solo_9duet/audio/cello_acoustic_guitar/kotc5pssmt8.wav,/bask/homes/h/hxh347/jiaoj-rep-learn/Dataset/MUSIC/11solo_9duet/frames/cello_acoustic_guitar/kotc5pssmt8.mp4,4917
/bask/homes/h/hxh347/jiaoj-rep-learn/Dataset/MUSIC/11solo_9duet/audio/cello_acoustic_guitar/D9lxLfTvrIs.wav,/bask/homes/h/hxh347/jiaoj-rep-learn/Dataset/MUSIC/11solo_9duet/frames/cello_acoustic_guitar/D9lxLfTvrIs.mp4,1888
/bask/homes/h/hxh347/jiaoj-rep-learn/Dataset/MUSIC/11solo_9duet/audio/clarinet_acoustic_guitar/dhWU1tU1HbY.wav,/bask/homes/h/hxh347/jiaoj-rep-learn/Dataset/MUSIC/11solo_9duet/frames/clarinet_acoustic_guitar/dhWU1tU1HbY.mp4,700
/bask/homes/h/hxh347/jiaoj-rep-learn/Dataset/MUSIC/11solo_9duet/audio/cello/EvBzKBdfZxA.wav,/bask/homes/h/hxh347/jiaoj-rep-learn/Dataset/MUSIC/11solo_9duet/frames/cello/EvBzKBdfZxA.mp4,490
/bask/homes/h/hxh347/jiaoj-rep-learn/Dataset/MUSIC/11solo_9duet/audio/clarinet_acoustic_guitar/JmQ1C-cwiuY.wav,/bask/homes/h/hxh347/jiaoj-rep-learn/Dataset/MUSIC/11solo_9duet/frames/clarinet_acoustic_guitar/JmQ1C-cwiuY.mp4,1387
/bask/homes/h/hxh347/jiaoj-rep-learn/Dataset/MUSIC/11solo_9duet/audio/cello_acoustic_guitar/PlKCXvBDxaI.wav,/bask/homes/h/hxh347/jiaoj-rep-learn/Dataset/MUSIC/11solo_9duet/frames/cello_acoustic_guitar/PlKCXvBDxaI.mp4,625
/bask/homes/h/hxh347/jiaoj-rep-learn/Dataset/MUSIC/11solo_9duet/audio/xylophone_flute/kQZJh5Clq_s.wav,/bask/homes/h/hxh347/jiaoj-rep-learn/Dataset/MUSIC/11solo_9duet/frames/xylophone_flute/kQZJh5Clq_s.mp4,1012
/bask/homes/h/hxh347/jiaoj-rep-learn/Dataset/MUSIC/11solo_9duet/audio/cello/VlIcqDWmPkw.wav,/bask/homes/h/hxh347/jiaoj-rep-learn/Dataset/MUSIC/11solo_9duet/frames/cello/VlIcqDWmPkw.mp4,1511
/bask/homes/h/hxh347/jiaoj-rep-learn/Dataset/MUSIC/11solo_9duet/audio/erhu/2D2ALfuqDpk.wav,/bask/homes/h/hxh347/jiaoj-rep-learn/Dataset/MUSIC/11solo_9duet/frames/erhu/2D2ALfuqDpk.mp4,682
/bask/homes/h/hxh347/jiaoj-rep-learn/Dataset/MUSIC/11solo_9duet/audio/violin/6uqTP6obYNM.wav,/bask/homes/h/hxh347/jiaoj-rep-learn/Dataset/MUSIC/11solo_9duet/frames/violin/6uqTP6obYNM.mp4,450
/bask/homes/h/hxh347/jiaoj-rep-learn/Dataset/MUSIC/11solo_9duet/audio/saxophone_acoustic_guitar/RfTCdZEqWcg.wav,/bask/homes/h/hxh347/jiaoj-rep-learn/Dataset/MUSIC/11solo_9duet/frames/saxophone_acoustic_guitar/RfTCdZEqWcg.mp4,946
/bask/homes/h/hxh347/jiaoj-rep-learn/Dataset/MUSIC/11solo_9duet/audio/clarinet/GQGBzVaDTmM.wav,/bask/homes/h/hxh347/jiaoj-rep-learn/Dataset/MUSIC/11solo_9duet/frames/clarinet/GQGBzVaDTmM.mp4,689
/bask/homes/h/hxh347/jiaoj-rep-learn/Dataset/MUSIC/11solo_9duet/audio/accordion/kCMA0wi7i6Y.wav,/bask/homes/h/hxh347/jiaoj-rep-learn/Dataset/MUSIC/11solo_9duet/frames/accordion/kCMA0wi7i6Y.mp4,1061
/bask/homes/h/hxh347/jiaoj-rep-learn/Dataset/MUSIC/11solo_9duet/audio/xylophone/oQJVBH6ST7o.wav,/bask/homes/h/hxh347/jiaoj-rep-learn/Dataset/MUSIC/11solo_9duet/frames/xylophone/oQJVBH6ST7o.mp4,1570
/bask/homes/h/hxh347/jiaoj-rep-learn/Dataset/MUSIC/11solo_9duet/audio/xylophone_acoustic_guitar/pIPr-lp0C6E.wav,/bask/homes/h/hxh347/jiaoj-rep-learn/Dataset/MUSIC/11solo_9duet/frames/xylophone_acoustic_guitar/pIPr-lp0C6E.mp4,421
/bask/homes/h/hxh347/jiaoj-rep-learn/Dataset/MUSIC/11solo_9duet/audio/cello/SyToSKUxgKs.wav,/bask/homes/h/hxh347/jiaoj-rep-learn/Dataset/MUSIC/11solo_9duet/frames/cello/SyToSKUxgKs.mp4,1369
/bask/homes/h/hxh347/jiaoj-rep-learn/Dataset/MUSIC/11solo_9duet/audio/cello/ZcKsPFZG4_0.wav,/bask/homes/h/hxh347/jiaoj-rep-learn/Dataset/MUSIC/11solo_9duet/frames/cello/ZcKsPFZG4_0.mp4,1092
/bask/homes/h/hxh347/jiaoj-rep-learn/Dataset/MUSIC/11solo_9duet/audio/xylophone_flute/bBCBMV7K-YA.wav,/bask/homes/h/hxh347/jiaoj-rep-learn/Dataset/MUSIC/11solo_9duet/frames/xylophone_flute/bBCBMV7K-YA.mp4,3543
/bask/homes/h/hxh347/jiaoj-rep-learn/Dataset/MUSIC/11solo_9duet/audio/erhu/GH8dcVpkhc0.wav,/bask/homes/h/hxh347/jiaoj-rep-learn/Dataset/MUSIC/11solo_9duet/frames/erhu/GH8dcVpkhc0.mp4,1306
/bask/homes/h/hxh347/jiaoj-rep-learn/Dataset/MUSIC/11solo_9duet/audio/saxophone_acoustic_guitar/FAssLqBK2ZA.wav,/bask/homes/h/hxh347/jiaoj-rep-learn/Dataset/MUSIC/11solo_9duet/frames/saxophone_acoustic_guitar/FAssLqBK2ZA.mp4,2092
/bask/homes/h/hxh347/jiaoj-rep-learn/Dataset/MUSIC/11solo_9duet/audio/erhu/Vq0eH1uUvXc.wav,/bask/homes/h/hxh347/jiaoj-rep-learn/Dataset/MUSIC/11solo_9duet/frames/erhu/Vq0eH1uUvXc.mp4,1413
/bask/homes/h/hxh347/jiaoj-rep-learn/Dataset/MUSIC/11solo_9duet/audio/accordion/0N26WnKiCIg.wav,/bask/homes/h/hxh347/jiaoj-rep-learn/Dataset/MUSIC/11solo_9duet/frames/accordion/0N26WnKiCIg.mp4,1073
/bask/homes/h/hxh347/jiaoj-rep-learn/Dataset/MUSIC/11solo_9duet/audio/flute/wEzEcfz1QS0.wav,/bask/homes/h/hxh347/jiaoj-rep-learn/Dataset/MUSIC/11solo_9duet/frames/flute/wEzEcfz1QS0.mp4,1337
/bask/homes/h/hxh347/jiaoj-rep-learn/Dataset/MUSIC/11solo_9duet/audio/trumpet/ENnSwgLc2B4.wav,/bask/homes/h/hxh347/jiaoj-rep-learn/Dataset/MUSIC/11solo_9duet/frames/trumpet/ENnSwgLc2B4.mp4,303
/bask/homes/h/hxh347/jiaoj-rep-learn/Dataset/MUSIC/11solo_9duet/audio/tuba/HQveyGmUBSs.wav,/bask/homes/h/hxh347/jiaoj-rep-learn/Dataset/MUSIC/11solo_9duet/frames/tuba/HQveyGmUBSs.mp4,1107
/bask/homes/h/hxh347/jiaoj-rep-learn/Dataset/MUSIC/11solo_9duet/audio/cello/97UEABGyyw8.wav,/bask/homes/h/hxh347/jiaoj-rep-learn/Dataset/MUSIC/11solo_9duet/frames/cello/97UEABGyyw8.mp4,1016
/bask/homes/h/hxh347/jiaoj-rep-learn/Dataset/MUSIC/11solo_9duet/audio/clarinet/23DDVbzSig8.wav,/bask/homes/h/hxh347/jiaoj-rep-learn/Dataset/MUSIC/11solo_9duet/frames/clarinet/23DDVbzSig8.mp4,521
/bask/homes/h/hxh347/jiaoj-rep-learn/Dataset/MUSIC/11solo_9duet/audio/violin/cMYr693e3Eo.wav,/bask/homes/h/hxh347/jiaoj-rep-learn/Dataset/MUSIC/11solo_9duet/frames/violin/cMYr693e3Eo.mp4,464
/bask/homes/h/hxh347/jiaoj-rep-learn/Dataset/MUSIC/11solo_9duet/audio/clarinet/5ESDEU04WSQ.wav,/bask/homes/h/hxh347/jiaoj-rep-learn/Dataset/MUSIC/11solo_9duet/frames/clarinet/5ESDEU04WSQ.mp4,1456
/bask/homes/h/hxh347/jiaoj-rep-learn/Dataset/MUSIC/11solo_9duet/audio/cello/19CdPaHrVPQ.wav,/bask/homes/h/hxh347/jiaoj-rep-learn/Dataset/MUSIC/11solo_9duet/frames/cello/19CdPaHrVPQ.mp4,1473
/bask/homes/h/hxh347/jiaoj-rep-learn/Dataset/MUSIC/11solo_9duet/audio/saxophone_acoustic_guitar/WkY638E5wy8.wav,/bask/homes/h/hxh347/jiaoj-rep-learn/Dataset/MUSIC/11solo_9duet/frames/saxophone_acoustic_guitar/WkY638E5wy8.mp4,3095
/bask/homes/h/hxh347/jiaoj-rep-learn/Dataset/MUSIC/11solo_9duet/audio/clarinet_acoustic_guitar/SPXyBDbGt4s.wav,/bask/homes/h/hxh347/jiaoj-rep-learn/Dataset/MUSIC/11solo_9duet/frames/clarinet_acoustic_guitar/SPXyBDbGt4s.mp4,3571
/bask/homes/h/hxh347/jiaoj-rep-learn/Dataset/MUSIC/11solo_9duet/audio/acoustic_guitar/86hnEemgPPw.wav,/bask/homes/h/hxh347/jiaoj-rep-learn/Dataset/MUSIC/11solo_9duet/frames/acoustic_guitar/86hnEemgPPw.mp4,1696
/bask/homes/h/hxh347/jiaoj-rep-learn/Dataset/MUSIC/11solo_9duet/audio/xylophone/loCRmBvtHZ4.wav,/bask/homes/h/hxh347/jiaoj-rep-learn/Dataset/MUSIC/11solo_9duet/frames/xylophone/loCRmBvtHZ4.mp4,1181
/bask/homes/h/hxh347/jiaoj-rep-learn/Dataset/MUSIC/11solo_9duet/audio/clarinet/IZx6ZXWuOGY.wav,/bask/homes/h/hxh347/jiaoj-rep-learn/Dataset/MUSIC/11solo_9duet/frames/clarinet/IZx6ZXWuOGY.mp4,957
/bask/homes/h/hxh347/jiaoj-rep-learn/Dataset/MUSIC/11solo_9duet/audio/cello/EtP6JBWtd7s.wav,/bask/homes/h/hxh347/jiaoj-rep-learn/Dataset/MUSIC/11solo_9duet/frames/cello/EtP6JBWtd7s.mp4,1484
/bask/homes/h/hxh347/jiaoj-rep-learn/Dataset/MUSIC/11solo_9duet/audio/acoustic_guitar_violin/mcEO4R0FLpw.wav,/bask/homes/h/hxh347/jiaoj-rep-learn/Dataset/MUSIC/11solo_9duet/frames/acoustic_guitar_violin/mcEO4R0FLpw.mp4,1187
/bask/homes/h/hxh347/jiaoj-rep-learn/Dataset/MUSIC/11solo_9duet/audio/violin/nyOkMXal0yA.wav,/bask/homes/h/hxh347/jiaoj-rep-learn/Dataset/MUSIC/11solo_9duet/frames/violin/nyOkMXal0yA.mp4,1389
/bask/homes/h/hxh347/jiaoj-rep-learn/Dataset/MUSIC/11solo_9duet/audio/saxophone/QOYMhOXfGMw.wav,/bask/homes/h/hxh347/jiaoj-rep-learn/Dataset/MUSIC/11solo_9duet/frames/saxophone/QOYMhOXfGMw.mp4,1505
/bask/homes/h/hxh347/jiaoj-rep-learn/Dataset/MUSIC/11solo_9duet/audio/xylophone_acoustic_guitar/59Pfv-0CFMA.wav,/bask/homes/h/hxh347/jiaoj-rep-learn/Dataset/MUSIC/11solo_9duet/frames/xylophone_acoustic_guitar/59Pfv-0CFMA.mp4,743
/bask/homes/h/hxh347/jiaoj-rep-learn/Dataset/MUSIC/11solo_9duet/audio/flute/f1a-JF06840.wav,/bask/homes/h/hxh347/jiaoj-rep-learn/Dataset/MUSIC/11solo_9duet/frames/flute/f1a-JF06840.mp4,1305
/bask/homes/h/hxh347/jiaoj-rep-learn/Dataset/MUSIC/11solo_9duet/audio/saxophone_acoustic_guitar/DshS7-Mn9dM.wav,/bask/homes/h/hxh347/jiaoj-rep-learn/Dataset/MUSIC/11solo_9duet/frames/saxophone_acoustic_guitar/DshS7-Mn9dM.mp4,2607
/bask/homes/h/hxh347/jiaoj-rep-learn/Dataset/MUSIC/11solo_9duet/audio/saxophone/geK-gOMgm20.wav,/bask/homes/h/hxh347/jiaoj-rep-learn/Dataset/MUSIC/11solo_9duet/frames/saxophone/geK-gOMgm20.mp4,327
/bask/homes/h/hxh347/jiaoj-rep-learn/Dataset/MUSIC/11solo_9duet/audio/acoustic_guitar_violin/LHO49Q572F4.wav,/bask/homes/h/hxh347/jiaoj-rep-learn/Dataset/MUSIC/11solo_9duet/frames/acoustic_guitar_violin/LHO49Q572F4.mp4,1744
/bask/homes/h/hxh347/jiaoj-rep-learn/Dataset/MUSIC/11solo_9duet/audio/accordion/ADxyFxpe1ls.wav,/bask/homes/h/hxh347/jiaoj-rep-learn/Dataset/MUSIC/11solo_9duet/frames/accordion/ADxyFxpe1ls.mp4,1730
/bask/homes/h/hxh347/jiaoj-rep-learn/Dataset/MUSIC/11solo_9duet/audio/accordion/PohzBumrY2Q.wav,/bask/homes/h/hxh347/jiaoj-rep-learn/Dataset/MUSIC/11solo_9duet/frames/accordion/PohzBumrY2Q.mp4,1606
/bask/homes/h/hxh347/jiaoj-rep-learn/Dataset/MUSIC/11solo_9duet/audio/xylophone/EHKq3-zwphs.wav,/bask/homes/h/hxh347/jiaoj-rep-learn/Dataset/MUSIC/11solo_9duet/frames/xylophone/EHKq3-zwphs.mp4,956
/bask/homes/h/hxh347/jiaoj-rep-learn/Dataset/MUSIC/11solo_9duet/audio/acoustic_guitar_violin/Sllno_P7l8M.wav,/bask/homes/h/hxh347/jiaoj-rep-learn/Dataset/MUSIC/11solo_9duet/frames/acoustic_guitar_violin/Sllno_P7l8M.mp4,2558
/bask/homes/h/hxh347/jiaoj-rep-learn/Dataset/MUSIC/11solo_9duet/audio/tuba/C952gmBlkIU.wav,/bask/homes/h/hxh347/jiaoj-rep-learn/Dataset/MUSIC/11solo_9duet/frames/tuba/C952gmBlkIU.mp4,1239
/bask/homes/h/hxh347/jiaoj-rep-learn/Dataset/MUSIC/11solo_9duet/audio/flute/KgebjbW1mGk.wav,/bask/homes/h/hxh347/jiaoj-rep-learn/Dataset/MUSIC/11solo_9duet/frames/flute/KgebjbW1mGk.mp4,665
/bask/homes/h/hxh347/jiaoj-rep-learn/Dataset/MUSIC/11solo_9duet/audio/acoustic_guitar/MVZGmcXU2D8.wav,/bask/homes/h/hxh347/jiaoj-rep-learn/Dataset/MUSIC/11solo_9duet/frames/acoustic_guitar/MVZGmcXU2D8.mp4,1645
/bask/homes/h/hxh347/jiaoj-rep-learn/Dataset/MUSIC/11solo_9duet/audio/clarinet/ZXz0cVq_RTI.wav,/bask/homes/h/hxh347/jiaoj-rep-learn/Dataset/MUSIC/11solo_9duet/frames/clarinet/ZXz0cVq_RTI.mp4,492
/bask/homes/h/hxh347/jiaoj-rep-learn/Dataset/MUSIC/11solo_9duet/audio/saxophone/FR_1gEaBeeE.wav,/bask/homes/h/hxh347/jiaoj-rep-learn/Dataset/MUSIC/11solo_9duet/frames/saxophone/FR_1gEaBeeE.mp4,776
/bask/homes/h/hxh347/jiaoj-rep-learn/Dataset/MUSIC/11solo_9duet/audio/tuba/W9VsprvJQAM.wav,/bask/homes/h/hxh347/jiaoj-rep-learn/Dataset/MUSIC/11solo_9duet/frames/tuba/W9VsprvJQAM.mp4,829
/bask/homes/h/hxh347/jiaoj-rep-learn/Dataset/MUSIC/11solo_9duet/audio/accordion/Ct-SQmiA31s.wav,/bask/homes/h/hxh347/jiaoj-rep-learn/Dataset/MUSIC/11solo_9duet/frames/accordion/Ct-SQmiA31s.mp4,166
/bask/homes/h/hxh347/jiaoj-rep-learn/Dataset/MUSIC/11solo_9duet/audio/saxophone_acoustic_guitar/-HLTNgdajqw.wav,/bask/homes/h/hxh347/jiaoj-rep-learn/Dataset/MUSIC/11solo_9duet/frames/saxophone_acoustic_guitar/-HLTNgdajqw.mp4,1618
/bask/homes/h/hxh347/jiaoj-rep-learn/Dataset/MUSIC/11solo_9duet/audio/trumpet/8jxZMGYbQIw.wav,/bask/homes/h/hxh347/jiaoj-rep-learn/Dataset/MUSIC/11solo_9duet/frames/trumpet/8jxZMGYbQIw.mp4,618
/bask/homes/h/hxh347/jiaoj-rep-learn/Dataset/MUSIC/11solo_9duet/audio/accordion/ZoE25YHTGDQ.wav,/bask/homes/h/hxh347/jiaoj-rep-learn/Dataset/MUSIC/11solo_9duet/frames/accordion/ZoE25YHTGDQ.mp4,1020
/bask/homes/h/hxh347/jiaoj-rep-learn/Dataset/MUSIC/11solo_9duet/audio/cello/5Eg6GNhszNE.wav,/bask/homes/h/hxh347/jiaoj-rep-learn/Dataset/MUSIC/11solo_9duet/frames/cello/5Eg6GNhszNE.mp4,943
/bask/homes/h/hxh347/jiaoj-rep-learn/Dataset/MUSIC/11solo_9duet/audio/trumpet/zhaLSfnahL0.wav,/bask/homes/h/hxh347/jiaoj-rep-learn/Dataset/MUSIC/11solo_9duet/frames/trumpet/zhaLSfnahL0.mp4,472
/bask/homes/h/hxh347/jiaoj-rep-learn/Dataset/MUSIC/11solo_9duet/audio/accordion/1mCi6eWXVbg.wav,/bask/homes/h/hxh347/jiaoj-rep-learn/Dataset/MUSIC/11solo_9duet/frames/accordion/1mCi6eWXVbg.mp4,988
/bask/homes/h/hxh347/jiaoj-rep-learn/Dataset/MUSIC/11solo_9duet/audio/acoustic_guitar/CeOAuSm1NUo.wav,/bask/homes/h/hxh347/jiaoj-rep-learn/Dataset/MUSIC/11solo_9duet/frames/acoustic_guitar/CeOAuSm1NUo.mp4,1490
/bask/homes/h/hxh347/jiaoj-rep-learn/Dataset/MUSIC/11solo_9duet/audio/flute/LKVxvHeb8hs.wav,/bask/homes/h/hxh347/jiaoj-rep-learn/Dataset/MUSIC/11solo_9duet/frames/flute/LKVxvHeb8hs.mp4,768
/bask/homes/h/hxh347/jiaoj-rep-learn/Dataset/MUSIC/11solo_9duet/audio/acoustic_guitar_violin/B7vaxJhgCQE.wav,/bask/homes/h/hxh347/jiaoj-rep-learn/Dataset/MUSIC/11solo_9duet/frames/acoustic_guitar_violin/B7vaxJhgCQE.mp4,2688
/bask/homes/h/hxh347/jiaoj-rep-learn/Dataset/MUSIC/11solo_9duet/audio/xylophone/Z36VEiqi02Y.wav,/bask/homes/h/hxh347/jiaoj-rep-learn/Dataset/MUSIC/11solo_9duet/frames/xylophone/Z36VEiqi02Y.mp4,1494
/bask/homes/h/hxh347/jiaoj-rep-learn/Dataset/MUSIC/11solo_9duet/audio/cello/3N1KAaBJkwU.wav,/bask/homes/h/hxh347/jiaoj-rep-learn/Dataset/MUSIC/11solo_9duet/frames/cello/3N1KAaBJkwU.mp4,645
/bask/homes/h/hxh347/jiaoj-rep-learn/Dataset/MUSIC/11solo_9duet/audio/clarinet_acoustic_guitar/BbPsU29zD1U.wav,/bask/homes/h/hxh347/jiaoj-rep-learn/Dataset/MUSIC/11solo_9duet/frames/clarinet_acoustic_guitar/BbPsU29zD1U.mp4,1344
/bask/homes/h/hxh347/jiaoj-rep-learn/Dataset/MUSIC/11solo_9duet/audio/cello_acoustic_guitar/6CTOaH3qQKY.wav,/bask/homes/h/hxh347/jiaoj-rep-learn/Dataset/MUSIC/11solo_9duet/frames/cello_acoustic_guitar/6CTOaH3qQKY.mp4,1333
/bask/homes/h/hxh347/jiaoj-rep-learn/Dataset/MUSIC/11solo_9duet/audio/trumpet/PYjwNew61XQ.wav,/bask/homes/h/hxh347/jiaoj-rep-learn/Dataset/MUSIC/11solo_9duet/frames/trumpet/PYjwNew61XQ.mp4,929
/bask/homes/h/hxh347/jiaoj-rep-learn/Dataset/MUSIC/11solo_9duet/audio/clarinet_acoustic_guitar/VUXyjq1bw_Y.wav,/bask/homes/h/hxh347/jiaoj-rep-learn/Dataset/MUSIC/11solo_9duet/frames/clarinet_acoustic_guitar/VUXyjq1bw_Y.mp4,4175
/bask/homes/h/hxh347/jiaoj-rep-learn/Dataset/MUSIC/11solo_9duet/audio/xylophone/Sw8346DYwME.wav,/bask/homes/h/hxh347/jiaoj-rep-learn/Dataset/MUSIC/11solo_9duet/frames/xylophone/Sw8346DYwME.mp4,542
/bask/homes/h/hxh347/jiaoj-rep-learn/Dataset/MUSIC/11solo_9duet/audio/violin/KG-tXicVpsg.wav,/bask/homes/h/hxh347/jiaoj-rep-learn/Dataset/MUSIC/11solo_9duet/frames/violin/KG-tXicVpsg.mp4,1336
/bask/homes/h/hxh347/jiaoj-rep-learn/Dataset/MUSIC/11solo_9duet/audio/clarinet/TREfn2OfujU.wav,/bask/homes/h/hxh347/jiaoj-rep-learn/Dataset/MUSIC/11solo_9duet/frames/clarinet/TREfn2OfujU.mp4,426
/bask/homes/h/hxh347/jiaoj-rep-learn/Dataset/MUSIC/11solo_9duet/audio/acoustic_guitar/MhNjhYrEbrc.wav,/bask/homes/h/hxh347/jiaoj-rep-learn/Dataset/MUSIC/11solo_9duet/frames/acoustic_guitar/MhNjhYrEbrc.mp4,1492
/bask/homes/h/hxh347/jiaoj-rep-learn/Dataset/MUSIC/11solo_9duet/audio/flute/uJnD0NCyJoc.wav,/bask/homes/h/hxh347/jiaoj-rep-learn/Dataset/MUSIC/11solo_9duet/frames/flute/uJnD0NCyJoc.mp4,1677
/bask/homes/h/hxh347/jiaoj-rep-learn/Dataset/MUSIC/11solo_9duet/audio/flute/7Zudy1bw7bw.wav,/bask/homes/h/hxh347/jiaoj-rep-learn/Dataset/MUSIC/11solo_9duet/frames/flute/7Zudy1bw7bw.mp4,1520
/bask/homes/h/hxh347/jiaoj-rep-learn/Dataset/MUSIC/11solo_9duet/audio/tuba/G46O0IzYtt0.wav,/bask/homes/h/hxh347/jiaoj-rep-learn/Dataset/MUSIC/11solo_9duet/frames/tuba/G46O0IzYtt0.mp4,517
/bask/homes/h/hxh347/jiaoj-rep-learn/Dataset/MUSIC/11solo_9duet/audio/accordion/YhwsPeOGnGg.wav,/bask/homes/h/hxh347/jiaoj-rep-learn/Dataset/MUSIC/11solo_9duet/frames/accordion/YhwsPeOGnGg.mp4,933
/bask/homes/h/hxh347/jiaoj-rep-learn/Dataset/MUSIC/11solo_9duet/audio/saxophone/TSEWnnKagqQ.wav,/bask/homes/h/hxh347/jiaoj-rep-learn/Dataset/MUSIC/11solo_9duet/frames/saxophone/TSEWnnKagqQ.mp4,1002
/bask/homes/h/hxh347/jiaoj-rep-learn/Dataset/MUSIC/11solo_9duet/audio/cello/IcV9yqQOqkw.wav,/bask/homes/h/hxh347/jiaoj-rep-learn/Dataset/MUSIC/11solo_9duet/frames/cello/IcV9yqQOqkw.mp4,840
/bask/homes/h/hxh347/jiaoj-rep-learn/Dataset/MUSIC/11solo_9duet/audio/erhu/P6mSuuTzYxk.wav,/bask/homes/h/hxh347/jiaoj-rep-learn/Dataset/MUSIC/11solo_9duet/frames/erhu/P6mSuuTzYxk.mp4,1340
/bask/homes/h/hxh347/jiaoj-rep-learn/Dataset/MUSIC/11solo_9duet/audio/acoustic_guitar/DvbeXXoraro.wav,/bask/homes/h/hxh347/jiaoj-rep-learn/Dataset/MUSIC/11solo_9duet/frames/acoustic_guitar/DvbeXXoraro.mp4,1159
/bask/homes/h/hxh347/jiaoj-rep-learn/Dataset/MUSIC/11solo_9duet/audio/violin/9g20WQ0WHn0.wav,/bask/homes/h/hxh347/jiaoj-rep-learn/Dataset/MUSIC/11solo_9duet/frames/violin/9g20WQ0WHn0.mp4,894
/bask/homes/h/hxh347/jiaoj-rep-learn/Dataset/MUSIC/11solo_9duet/audio/cello_acoustic_guitar/r-hUC0z2VDE.wav,/bask/homes/h/hxh347/jiaoj-rep-learn/Dataset/MUSIC/11solo_9duet/frames/cello_acoustic_guitar/r-hUC0z2VDE.mp4,1453
/bask/homes/h/hxh347/jiaoj-rep-learn/Dataset/MUSIC/11solo_9duet/audio/flute_violin/AP-vB4w_7Ag.wav,/bask/homes/h/hxh347/jiaoj-rep-learn/Dataset/MUSIC/11solo_9duet/frames/flute_violin/AP-vB4w_7Ag.mp4,1744
/bask/homes/h/hxh347/jiaoj-rep-learn/Dataset/MUSIC/11solo_9duet/audio/accordion/cp_0VICDDSc.wav,/bask/homes/h/hxh347/jiaoj-rep-learn/Dataset/MUSIC/11solo_9duet/frames/accordion/cp_0VICDDSc.mp4,1095
/bask/homes/h/hxh347/jiaoj-rep-learn/Dataset/MUSIC/11solo_9duet/audio/saxophone_acoustic_guitar/jXyE0gq1upc.wav,/bask/homes/h/hxh347/jiaoj-rep-learn/Dataset/MUSIC/11solo_9duet/frames/saxophone_acoustic_guitar/jXyE0gq1upc.mp4,1544
/bask/homes/h/hxh347/jiaoj-rep-learn/Dataset/MUSIC/11solo_9duet/audio/xylophone/qLLwSb9YX5g.wav,/bask/homes/h/hxh347/jiaoj-rep-learn/Dataset/MUSIC/11solo_9duet/frames/xylophone/qLLwSb9YX5g.mp4,260
/bask/homes/h/hxh347/jiaoj-rep-learn/Dataset/MUSIC/11solo_9duet/audio/tuba/73ikMuXwKgc.wav,/bask/homes/h/hxh347/jiaoj-rep-learn/Dataset/MUSIC/11solo_9duet/frames/tuba/73ikMuXwKgc.mp4,280
/bask/homes/h/hxh347/jiaoj-rep-learn/Dataset/MUSIC/11solo_9duet/audio/acoustic_guitar/TzbeCt4_LFc.wav,/bask/homes/h/hxh347/jiaoj-rep-learn/Dataset/MUSIC/11solo_9duet/frames/acoustic_guitar/TzbeCt4_LFc.mp4,1724
/bask/homes/h/hxh347/jiaoj-rep-learn/Dataset/MUSIC/11solo_9duet/audio/acoustic_guitar/IPsA3sz934M.wav,/bask/homes/h/hxh347/jiaoj-rep-learn/Dataset/MUSIC/11solo_9duet/frames/acoustic_guitar/IPsA3sz934M.mp4,1530
/bask/homes/h/hxh347/jiaoj-rep-learn/Dataset/MUSIC/11solo_9duet/audio/saxophone/tGG2P7mjuqQ.wav,/bask/homes/h/hxh347/jiaoj-rep-learn/Dataset/MUSIC/11solo_9duet/frames/saxophone/tGG2P7mjuqQ.mp4,405
/bask/homes/h/hxh347/jiaoj-rep-learn/Dataset/MUSIC/11solo_9duet/audio/xylophone/JbGvqve_JH0.wav,/bask/homes/h/hxh347/jiaoj-rep-learn/Dataset/MUSIC/11solo_9duet/frames/xylophone/JbGvqve_JH0.mp4,1061
/bask/homes/h/hxh347/jiaoj-rep-learn/Dataset/MUSIC/11solo_9duet/audio/clarinet_acoustic_guitar/lhGc6mbcfek.wav,/bask/homes/h/hxh347/jiaoj-rep-learn/Dataset/MUSIC/11solo_9duet/frames/clarinet_acoustic_guitar/lhGc6mbcfek.mp4,1516
/bask/homes/h/hxh347/jiaoj-rep-learn/Dataset/MUSIC/11solo_9duet/audio/erhu/I5IYfx7ontI.wav,/bask/homes/h/hxh347/jiaoj-rep-learn/Dataset/MUSIC/11solo_9duet/frames/erhu/I5IYfx7ontI.mp4,1388
/bask/homes/h/hxh347/jiaoj-rep-learn/Dataset/MUSIC/11solo_9duet/audio/saxophone/xyi0Ft3sb0U.wav,/bask/homes/h/hxh347/jiaoj-rep-learn/Dataset/MUSIC/11solo_9duet/frames/saxophone/xyi0Ft3sb0U.mp4,481
/bask/homes/h/hxh347/jiaoj-rep-learn/Dataset/MUSIC/11solo_9duet/audio/cello/YmKMEpt9OjQ.wav,/bask/homes/h/hxh347/jiaoj-rep-learn/Dataset/MUSIC/11solo_9duet/frames/cello/YmKMEpt9OjQ.mp4,1670
/bask/homes/h/hxh347/jiaoj-rep-learn/Dataset/MUSIC/11solo_9duet/audio/saxophone_acoustic_guitar/Y4Imlvn7la8.wav,/bask/homes/h/hxh347/jiaoj-rep-learn/Dataset/MUSIC/11solo_9duet/frames/saxophone_acoustic_guitar/Y4Imlvn7la8.mp4,2576
/bask/homes/h/hxh347/jiaoj-rep-learn/Dataset/MUSIC/11solo_9duet/audio/xylophone/XmjMGVv3TLk.wav,/bask/homes/h/hxh347/jiaoj-rep-learn/Dataset/MUSIC/11solo_9duet/frames/xylophone/XmjMGVv3TLk.mp4,878
/bask/homes/h/hxh347/jiaoj-rep-learn/Dataset/MUSIC/11solo_9duet/audio/tuba/SDR39fhyZRI.wav,/bask/homes/h/hxh347/jiaoj-rep-learn/Dataset/MUSIC/11solo_9duet/frames/tuba/SDR39fhyZRI.mp4,832
/bask/homes/h/hxh347/jiaoj-rep-learn/Dataset/MUSIC/11solo_9duet/audio/accordion/9okuB-rub8c.wav,/bask/homes/h/hxh347/jiaoj-rep-learn/Dataset/MUSIC/11solo_9duet/frames/accordion/9okuB-rub8c.mp4,400
/bask/homes/h/hxh347/jiaoj-rep-learn/Dataset/MUSIC/11solo_9duet/audio/tuba/8YNdpTm2vsc.wav,/bask/homes/h/hxh347/jiaoj-rep-learn/Dataset/MUSIC/11solo_9duet/frames/tuba/8YNdpTm2vsc.mp4,1890
/bask/homes/h/hxh347/jiaoj-rep-learn/Dataset/MUSIC/11solo_9duet/audio/cello/FntHqAlD1S0.wav,/bask/homes/h/hxh347/jiaoj-rep-learn/Dataset/MUSIC/11solo_9duet/frames/cello/FntHqAlD1S0.mp4,1113
/bask/homes/h/hxh347/jiaoj-rep-learn/Dataset/MUSIC/11solo_9duet/audio/acoustic_guitar/7SPnwtQkUb4.wav,/bask/homes/h/hxh347/jiaoj-rep-learn/Dataset/MUSIC/11solo_9duet/frames/acoustic_guitar/7SPnwtQkUb4.mp4,1829
/bask/homes/h/hxh347/jiaoj-rep-learn/Dataset/MUSIC/11solo_9duet/audio/acoustic_guitar_violin/os3aGWhaxhY.wav,/bask/homes/h/hxh347/jiaoj-rep-learn/Dataset/MUSIC/11solo_9duet/frames/acoustic_guitar_violin/os3aGWhaxhY.mp4,2632
/bask/homes/h/hxh347/jiaoj-rep-learn/Dataset/MUSIC/11solo_9duet/audio/accordion/yn1NaZWN_qQ.wav,/bask/homes/h/hxh347/jiaoj-rep-learn/Dataset/MUSIC/11solo_9duet/frames/accordion/yn1NaZWN_qQ.mp4,651
/bask/homes/h/hxh347/jiaoj-rep-learn/Dataset/MUSIC/11solo_9duet/audio/clarinet_acoustic_guitar/xkq-VyAzFHc.wav,/bask/homes/h/hxh347/jiaoj-rep-learn/Dataset/MUSIC/11solo_9duet/frames/clarinet_acoustic_guitar/xkq-VyAzFHc.mp4,1026
/bask/homes/h/hxh347/jiaoj-rep-learn/Dataset/MUSIC/11solo_9duet/audio/accordion/_jPFkOkNjuo.wav,/bask/homes/h/hxh347/jiaoj-rep-learn/Dataset/MUSIC/11solo_9duet/frames/accordion/_jPFkOkNjuo.mp4,535
/bask/homes/h/hxh347/jiaoj-rep-learn/Dataset/MUSIC/11solo_9duet/audio/acoustic_guitar/1TBxNBIUx3o.wav,/bask/homes/h/hxh347/jiaoj-rep-learn/Dataset/MUSIC/11solo_9duet/frames/acoustic_guitar/1TBxNBIUx3o.mp4,991
/bask/homes/h/hxh347/jiaoj-rep-learn/Dataset/MUSIC/11solo_9duet/audio/acoustic_guitar_violin/h61TbdGR7Rk.wav,/bask/homes/h/hxh347/jiaoj-rep-learn/Dataset/MUSIC/11solo_9duet/frames/acoustic_guitar_violin/h61TbdGR7Rk.mp4,897
/bask/homes/h/hxh347/jiaoj-rep-learn/Dataset/MUSIC/11solo_9duet/audio/flute/UD2SYltnnlY.wav,/bask/homes/h/hxh347/jiaoj-rep-learn/Dataset/MUSIC/11solo_9duet/frames/flute/UD2SYltnnlY.mp4,1664
/bask/homes/h/hxh347/jiaoj-rep-learn/Dataset/MUSIC/11solo_9duet/audio/clarinet/JnAAzR4XZ-I.wav,/bask/homes/h/hxh347/jiaoj-rep-learn/Dataset/MUSIC/11solo_9duet/frames/clarinet/JnAAzR4XZ-I.mp4,356
/bask/homes/h/hxh347/jiaoj-rep-learn/Dataset/MUSIC/11solo_9duet/audio/erhu/DlqCn_xrNRU.wav,/bask/homes/h/hxh347/jiaoj-rep-learn/Dataset/MUSIC/11solo_9duet/frames/erhu/DlqCn_xrNRU.mp4,794
/bask/homes/h/hxh347/jiaoj-rep-learn/Dataset/MUSIC/11solo_9duet/audio/saxophone/P5pxcBdxa4E.wav,/bask/homes/h/hxh347/jiaoj-rep-learn/Dataset/MUSIC/11solo_9duet/frames/saxophone/P5pxcBdxa4E.mp4,281
/bask/homes/h/hxh347/jiaoj-rep-learn/Dataset/MUSIC/11solo_9duet/audio/saxophone_acoustic_guitar/_u-pz6i3iDY.wav,/bask/homes/h/hxh347/jiaoj-rep-learn/Dataset/MUSIC/11solo_9duet/frames/saxophone_acoustic_guitar/_u-pz6i3iDY.mp4,1964
/bask/homes/h/hxh347/jiaoj-rep-learn/Dataset/MUSIC/11solo_9duet/audio/erhu/-SzFwDekTGo.wav,/bask/homes/h/hxh347/jiaoj-rep-learn/Dataset/MUSIC/11solo_9duet/frames/erhu/-SzFwDekTGo.mp4,1352
/bask/homes/h/hxh347/jiaoj-rep-learn/Dataset/MUSIC/11solo_9duet/audio/clarinet_acoustic_guitar/nTMJTm6tqoY.wav,/bask/homes/h/hxh347/jiaoj-rep-learn/Dataset/MUSIC/11solo_9duet/frames/clarinet_acoustic_guitar/nTMJTm6tqoY.mp4,2646
/bask/homes/h/hxh347/jiaoj-rep-learn/Dataset/MUSIC/11solo_9duet/audio/erhu/1wrfS5PHbKE.wav,/bask/homes/h/hxh347/jiaoj-rep-learn/Dataset/MUSIC/11solo_9duet/frames/erhu/1wrfS5PHbKE.mp4,802
/bask/homes/h/hxh347/jiaoj-rep-learn/Dataset/MUSIC/11solo_9duet/audio/flute_violin/8DHG_hVSw1o.wav,/bask/homes/h/hxh347/jiaoj-rep-learn/Dataset/MUSIC/11solo_9duet/frames/flute_violin/8DHG_hVSw1o.mp4,1373
/bask/homes/h/hxh347/jiaoj-rep-learn/Dataset/MUSIC/11solo_9duet/audio/erhu/XvnFhocZ6qM.wav,/bask/homes/h/hxh347/jiaoj-rep-learn/Dataset/MUSIC/11solo_9duet/frames/erhu/XvnFhocZ6qM.mp4,1696
/bask/homes/h/hxh347/jiaoj-rep-learn/Dataset/MUSIC/11solo_9duet/audio/accordion/E6jlrR-M3tk.wav,/bask/homes/h/hxh347/jiaoj-rep-learn/Dataset/MUSIC/11solo_9duet/frames/accordion/E6jlrR-M3tk.mp4,1209
/bask/homes/h/hxh347/jiaoj-rep-learn/Dataset/MUSIC/11solo_9duet/audio/erhu/REiXxfSu3Fw.wav,/bask/homes/h/hxh347/jiaoj-rep-learn/Dataset/MUSIC/11solo_9duet/frames/erhu/REiXxfSu3Fw.mp4,1180
/bask/homes/h/hxh347/jiaoj-rep-learn/Dataset/MUSIC/11solo_9duet/audio/erhu/AlYZ7nWkzcQ.wav,/bask/homes/h/hxh347/jiaoj-rep-learn/Dataset/MUSIC/11solo_9duet/frames/erhu/AlYZ7nWkzcQ.mp4,343
/bask/homes/h/hxh347/jiaoj-rep-learn/Dataset/MUSIC/11solo_9duet/audio/cello/DPSLdZBaQTM.wav,/bask/homes/h/hxh347/jiaoj-rep-learn/Dataset/MUSIC/11solo_9duet/frames/cello/DPSLdZBaQTM.mp4,1740
/bask/homes/h/hxh347/jiaoj-rep-learn/Dataset/MUSIC/11solo_9duet/audio/violin/9dOqmTMqp1k.wav,/bask/homes/h/hxh347/jiaoj-rep-learn/Dataset/MUSIC/11solo_9duet/frames/violin/9dOqmTMqp1k.mp4,785
/bask/homes/h/hxh347/jiaoj-rep-learn/Dataset/MUSIC/11solo_9duet/audio/erhu/P_dHPMofcwM.wav,/bask/homes/h/hxh347/jiaoj-rep-learn/Dataset/MUSIC/11solo_9duet/frames/erhu/P_dHPMofcwM.mp4,671
/bask/homes/h/hxh347/jiaoj-rep-learn/Dataset/MUSIC/11solo_9duet/audio/trumpet/y-Y6QAUqSKg.wav,/bask/homes/h/hxh347/jiaoj-rep-learn/Dataset/MUSIC/11solo_9duet/frames/trumpet/y-Y6QAUqSKg.mp4,565
/bask/homes/h/hxh347/jiaoj-rep-learn/Dataset/MUSIC/11solo_9duet/audio/saxophone_acoustic_guitar/-ieHd2A9vOg.wav,/bask/homes/h/hxh347/jiaoj-rep-learn/Dataset/MUSIC/11solo_9duet/frames/saxophone_acoustic_guitar/-ieHd2A9vOg.mp4,2998
/bask/homes/h/hxh347/jiaoj-rep-learn/Dataset/MUSIC/11solo_9duet/audio/cello/_Nr58vTAIkw.wav,/bask/homes/h/hxh347/jiaoj-rep-learn/Dataset/MUSIC/11solo_9duet/frames/cello/_Nr58vTAIkw.mp4,1293
/bask/homes/h/hxh347/jiaoj-rep-learn/Dataset/MUSIC/11solo_9duet/audio/acoustic_guitar/YwDABKyGY_g.wav,/bask/homes/h/hxh347/jiaoj-rep-learn/Dataset/MUSIC/11solo_9duet/frames/acoustic_guitar/YwDABKyGY_g.mp4,736
/bask/homes/h/hxh347/jiaoj-rep-learn/Dataset/MUSIC/11solo_9duet/audio/cello/S86qStDAz3A.wav,/bask/homes/h/hxh347/jiaoj-rep-learn/Dataset/MUSIC/11solo_9duet/frames/cello/S86qStDAz3A.mp4,975
/bask/homes/h/hxh347/jiaoj-rep-learn/Dataset/MUSIC/11solo_9duet/audio/flute/GouIcBwgP_U.wav,/bask/homes/h/hxh347/jiaoj-rep-learn/Dataset/MUSIC/11solo_9duet/frames/flute/GouIcBwgP_U.mp4,1425
/bask/homes/h/hxh347/jiaoj-rep-learn/Dataset/MUSIC/11solo_9duet/audio/flute_trumpet/awCkfdohkzE.wav,/bask/homes/h/hxh347/jiaoj-rep-learn/Dataset/MUSIC/11solo_9duet/frames/flute_trumpet/awCkfdohkzE.mp4,775
/bask/homes/h/hxh347/jiaoj-rep-learn/Dataset/MUSIC/11solo_9duet/audio/saxophone_acoustic_guitar/hslVlYk0WEc.wav,/bask/homes/h/hxh347/jiaoj-rep-learn/Dataset/MUSIC/11solo_9duet/frames/saxophone_acoustic_guitar/hslVlYk0WEc.mp4,1082
/bask/homes/h/hxh347/jiaoj-rep-learn/Dataset/MUSIC/11solo_9duet/audio/flute/MvPqp3oZwOk.wav,/bask/homes/h/hxh347/jiaoj-rep-learn/Dataset/MUSIC/11solo_9duet/frames/flute/MvPqp3oZwOk.mp4,541
/bask/homes/h/hxh347/jiaoj-rep-learn/Dataset/MUSIC/11solo_9duet/audio/tuba/ASUUqMvTdjg.wav,/bask/homes/h/hxh347/jiaoj-rep-learn/Dataset/MUSIC/11solo_9duet/frames/tuba/ASUUqMvTdjg.mp4,313
/bask/homes/h/hxh347/jiaoj-rep-learn/Dataset/MUSIC/11solo_9duet/audio/violin/YK94q0Fwquc.wav,/bask/homes/h/hxh347/jiaoj-rep-learn/Dataset/MUSIC/11solo_9duet/frames/violin/YK94q0Fwquc.mp4,297
/bask/homes/h/hxh347/jiaoj-rep-learn/Dataset/MUSIC/11solo_9duet/audio/flute_violin/RWP6BHh_c7Y.wav,/bask/homes/h/hxh347/jiaoj-rep-learn/Dataset/MUSIC/11solo_9duet/frames/flute_violin/RWP6BHh_c7Y.mp4,884
/bask/homes/h/hxh347/jiaoj-rep-learn/Dataset/MUSIC/11solo_9duet/audio/cello/NhkPpOvrtz0.wav,/bask/homes/h/hxh347/jiaoj-rep-learn/Dataset/MUSIC/11solo_9duet/frames/cello/NhkPpOvrtz0.mp4,1168
/bask/homes/h/hxh347/jiaoj-rep-learn/Dataset/MUSIC/11solo_9duet/audio/acoustic_guitar_violin/03I00k9J8_E.wav,/bask/homes/h/hxh347/jiaoj-rep-learn/Dataset/MUSIC/11solo_9duet/frames/acoustic_guitar_violin/03I00k9J8_E.mp4,4351
/bask/homes/h/hxh347/jiaoj-rep-learn/Dataset/MUSIC/11solo_9duet/audio/accordion/nQpXK7PS-oo.wav,/bask/homes/h/hxh347/jiaoj-rep-learn/Dataset/MUSIC/11solo_9duet/frames/accordion/nQpXK7PS-oo.mp4,605
/bask/homes/h/hxh347/jiaoj-rep-learn/Dataset/MUSIC/11solo_9duet/audio/erhu/EtrYq3j7src.wav,/bask/homes/h/hxh347/jiaoj-rep-learn/Dataset/MUSIC/11solo_9duet/frames/erhu/EtrYq3j7src.mp4,904
/bask/homes/h/hxh347/jiaoj-rep-learn/Dataset/MUSIC/11solo_9duet/audio/erhu/6d0tmb28kV4.wav,/bask/homes/h/hxh347/jiaoj-rep-learn/Dataset/MUSIC/11solo_9duet/frames/erhu/6d0tmb28kV4.mp4,454
/bask/homes/h/hxh347/jiaoj-rep-learn/Dataset/MUSIC/11solo_9duet/audio/flute/B0xFpw9qvD4.wav,/bask/homes/h/hxh347/jiaoj-rep-learn/Dataset/MUSIC/11solo_9duet/frames/flute/B0xFpw9qvD4.mp4,656
/bask/homes/h/hxh347/jiaoj-rep-learn/Dataset/MUSIC/11solo_9duet/audio/acoustic_guitar_violin/wNAFZMyLNUA.wav,/bask/homes/h/hxh347/jiaoj-rep-learn/Dataset/MUSIC/11solo_9duet/frames/acoustic_guitar_violin/wNAFZMyLNUA.mp4,2979
/bask/homes/h/hxh347/jiaoj-rep-learn/Dataset/MUSIC/11solo_9duet/audio/accordion/q4kscRK91y4.wav,/bask/homes/h/hxh347/jiaoj-rep-learn/Dataset/MUSIC/11solo_9duet/frames/accordion/q4kscRK91y4.mp4,940
/bask/homes/h/hxh347/jiaoj-rep-learn/Dataset/MUSIC/11solo_9duet/audio/cello/XI7Fx7rJt4I.wav,/bask/homes/h/hxh347/jiaoj-rep-learn/Dataset/MUSIC/11solo_9duet/frames/cello/XI7Fx7rJt4I.mp4,489
/bask/homes/h/hxh347/jiaoj-rep-learn/Dataset/MUSIC/11solo_9duet/audio/violin/-L5Bo-mWKCI.wav,/bask/homes/h/hxh347/jiaoj-rep-learn/Dataset/MUSIC/11solo_9duet/frames/violin/-L5Bo-mWKCI.mp4,384
/bask/homes/h/hxh347/jiaoj-rep-learn/Dataset/MUSIC/11solo_9duet/audio/trumpet/aCi1P8Rymo4.wav,/bask/homes/h/hxh347/jiaoj-rep-learn/Dataset/MUSIC/11solo_9duet/frames/trumpet/aCi1P8Rymo4.mp4,705
/bask/homes/h/hxh347/jiaoj-rep-learn/Dataset/MUSIC/11solo_9duet/audio/accordion/KC2RgtW4IZ0.wav,/bask/homes/h/hxh347/jiaoj-rep-learn/Dataset/MUSIC/11solo_9duet/frames/accordion/KC2RgtW4IZ0.mp4,567
/bask/homes/h/hxh347/jiaoj-rep-learn/Dataset/MUSIC/11solo_9duet/audio/clarinet/U6iN9QcIp7I.wav,/bask/homes/h/hxh347/jiaoj-rep-learn/Dataset/MUSIC/11solo_9duet/frames/clarinet/U6iN9QcIp7I.mp4,659
/bask/homes/h/hxh347/jiaoj-rep-learn/Dataset/MUSIC/11solo_9duet/audio/acoustic_guitar/1XfdURNeY6s.wav,/bask/homes/h/hxh347/jiaoj-rep-learn/Dataset/MUSIC/11solo_9duet/frames/acoustic_guitar/1XfdURNeY6s.mp4,1651
/bask/homes/h/hxh347/jiaoj-rep-learn/Dataset/MUSIC/11solo_9duet/audio/tuba/UNFwNbFdiTI.wav,/bask/homes/h/hxh347/jiaoj-rep-learn/Dataset/MUSIC/11solo_9duet/frames/tuba/UNFwNbFdiTI.mp4,704
/bask/homes/h/hxh347/jiaoj-rep-learn/Dataset/MUSIC/11solo_9duet/audio/erhu/TWrh_c9YRp8.wav,/bask/homes/h/hxh347/jiaoj-rep-learn/Dataset/MUSIC/11solo_9duet/frames/erhu/TWrh_c9YRp8.mp4,1122
/bask/homes/h/hxh347/jiaoj-rep-learn/Dataset/MUSIC/11solo_9duet/audio/violin/kuNep98Fd8o.wav,/bask/homes/h/hxh347/jiaoj-rep-learn/Dataset/MUSIC/11solo_9duet/frames/violin/kuNep98Fd8o.mp4,1374
/bask/homes/h/hxh347/jiaoj-rep-learn/Dataset/MUSIC/11solo_9duet/audio/violin/l7LptHCRkQU.wav,/bask/homes/h/hxh347/jiaoj-rep-learn/Dataset/MUSIC/11solo_9duet/frames/violin/l7LptHCRkQU.mp4,1774
/bask/homes/h/hxh347/jiaoj-rep-learn/Dataset/MUSIC/11solo_9duet/audio/accordion/s1hBC8N4-Zo.wav,/bask/homes/h/hxh347/jiaoj-rep-learn/Dataset/MUSIC/11solo_9duet/frames/accordion/s1hBC8N4-Zo.mp4,1227
/bask/homes/h/hxh347/jiaoj-rep-learn/Dataset/MUSIC/11solo_9duet/audio/violin/9kwbEUqCNbU.wav,/bask/homes/h/hxh347/jiaoj-rep-learn/Dataset/MUSIC/11solo_9duet/frames/violin/9kwbEUqCNbU.mp4,1001
/bask/homes/h/hxh347/jiaoj-rep-learn/Dataset/MUSIC/11solo_9duet/audio/violin/-tY40Ev8IzE.wav,/bask/homes/h/hxh347/jiaoj-rep-learn/Dataset/MUSIC/11solo_9duet/frames/violin/-tY40Ev8IzE.mp4,1412
/bask/homes/h/hxh347/jiaoj-rep-learn/Dataset/MUSIC/11solo_9duet/audio/tuba/VA1EolcDwZI.wav,/bask/homes/h/hxh347/jiaoj-rep-learn/Dataset/MUSIC/11solo_9duet/frames/tuba/VA1EolcDwZI.mp4,632
/bask/homes/h/hxh347/jiaoj-rep-learn/Dataset/MUSIC/11solo_9duet/audio/cello/2R12lQszz90.wav,/bask/homes/h/hxh347/jiaoj-rep-learn/Dataset/MUSIC/11solo_9duet/frames/cello/2R12lQszz90.mp4,1176
/bask/homes/h/hxh347/jiaoj-rep-learn/Dataset/MUSIC/11solo_9duet/audio/violin/HyD1g1KDoEE.wav,/bask/homes/h/hxh347/jiaoj-rep-learn/Dataset/MUSIC/11solo_9duet/frames/violin/HyD1g1KDoEE.mp4,1759
/bask/homes/h/hxh347/jiaoj-rep-learn/Dataset/MUSIC/11solo_9duet/audio/clarinet_acoustic_guitar/3Y2vbEwMkeQ.wav,/bask/homes/h/hxh347/jiaoj-rep-learn/Dataset/MUSIC/11solo_9duet/frames/clarinet_acoustic_guitar/3Y2vbEwMkeQ.mp4,1372
/bask/homes/h/hxh347/jiaoj-rep-learn/Dataset/MUSIC/11solo_9duet/audio/cello/4Oy5VmaacaI.wav,/bask/homes/h/hxh347/jiaoj-rep-learn/Dataset/MUSIC/11solo_9duet/frames/cello/4Oy5VmaacaI.mp4,1207
/bask/homes/h/hxh347/jiaoj-rep-learn/Dataset/MUSIC/11solo_9duet/audio/clarinet/DS500VD8YDg.wav,/bask/homes/h/hxh347/jiaoj-rep-learn/Dataset/MUSIC/11solo_9duet/frames/clarinet/DS500VD8YDg.mp4,1649
/bask/homes/h/hxh347/jiaoj-rep-learn/Dataset/MUSIC/11solo_9duet/audio/acoustic_guitar/2lJh-6TYdX8.wav,/bask/homes/h/hxh347/jiaoj-rep-learn/Dataset/MUSIC/11solo_9duet/frames/acoustic_guitar/2lJh-6TYdX8.mp4,764
/bask/homes/h/hxh347/jiaoj-rep-learn/Dataset/MUSIC/11solo_9duet/audio/tuba/Aibr0BCz-Yk.wav,/bask/homes/h/hxh347/jiaoj-rep-learn/Dataset/MUSIC/11solo_9duet/frames/tuba/Aibr0BCz-Yk.mp4,1463
/bask/homes/h/hxh347/jiaoj-rep-learn/Dataset/MUSIC/11solo_9duet/audio/flute/hYepU4PQFAo.wav,/bask/homes/h/hxh347/jiaoj-rep-learn/Dataset/MUSIC/11solo_9duet/frames/flute/hYepU4PQFAo.mp4,459
/bask/homes/h/hxh347/jiaoj-rep-learn/Dataset/MUSIC/11solo_9duet/audio/acoustic_guitar_violin/8zotbsDK62Q.wav,/bask/homes/h/hxh347/jiaoj-rep-learn/Dataset/MUSIC/11solo_9duet/frames/acoustic_guitar_violin/8zotbsDK62Q.mp4,1460
/bask/homes/h/hxh347/jiaoj-rep-learn/Dataset/MUSIC/11solo_9duet/audio/accordion/A2p8VW61RGc.wav,/bask/homes/h/hxh347/jiaoj-rep-learn/Dataset/MUSIC/11solo_9duet/frames/accordion/A2p8VW61RGc.mp4,721
/bask/homes/h/hxh347/jiaoj-rep-learn/Dataset/MUSIC/11solo_9duet/audio/cello/9xj3e5A8XwE.wav,/bask/homes/h/hxh347/jiaoj-rep-learn/Dataset/MUSIC/11solo_9duet/frames/cello/9xj3e5A8XwE.mp4,1527
/bask/homes/h/hxh347/jiaoj-rep-learn/Dataset/MUSIC/11solo_9duet/audio/tuba/4CTkB84ukfY.wav,/bask/homes/h/hxh347/jiaoj-rep-learn/Dataset/MUSIC/11solo_9duet/frames/tuba/4CTkB84ukfY.mp4,324
/bask/homes/h/hxh347/jiaoj-rep-learn/Dataset/MUSIC/11solo_9duet/audio/clarinet/TKN7q-aEwZw.wav,/bask/homes/h/hxh347/jiaoj-rep-learn/Dataset/MUSIC/11solo_9duet/frames/clarinet/TKN7q-aEwZw.mp4,1278
/bask/homes/h/hxh347/jiaoj-rep-learn/Dataset/MUSIC/11solo_9duet/audio/acoustic_guitar_violin/-7WIMBTTvZs.wav,/bask/homes/h/hxh347/jiaoj-rep-learn/Dataset/MUSIC/11solo_9duet/frames/acoustic_guitar_violin/-7WIMBTTvZs.mp4,1942
/bask/homes/h/hxh347/jiaoj-rep-learn/Dataset/MUSIC/11solo_9duet/audio/erhu/YLTpkQqX_ek.wav,/bask/homes/h/hxh347/jiaoj-rep-learn/Dataset/MUSIC/11solo_9duet/frames/erhu/YLTpkQqX_ek.mp4,593
/bask/homes/h/hxh347/jiaoj-rep-learn/Dataset/MUSIC/11solo_9duet/audio/acoustic_guitar_violin/bsorCgLZkkA.wav,/bask/homes/h/hxh347/jiaoj-rep-learn/Dataset/MUSIC/11solo_9duet/frames/acoustic_guitar_violin/bsorCgLZkkA.mp4,1392
/bask/homes/h/hxh347/jiaoj-rep-learn/Dataset/MUSIC/11solo_9duet/audio/acoustic_guitar/XYizxH7yAqA.wav,/bask/homes/h/hxh347/jiaoj-rep-learn/Dataset/MUSIC/11solo_9duet/frames/acoustic_guitar/XYizxH7yAqA.mp4,857
/bask/homes/h/hxh347/jiaoj-rep-learn/Dataset/MUSIC/11solo_9duet/audio/cello/XS_dSmZ0xbw.wav,/bask/homes/h/hxh347/jiaoj-rep-learn/Dataset/MUSIC/11solo_9duet/frames/cello/XS_dSmZ0xbw.mp4,1872
/bask/homes/h/hxh347/jiaoj-rep-learn/Dataset/MUSIC/11solo_9duet/audio/acoustic_guitar/HPyM9xzrih0.wav,/bask/homes/h/hxh347/jiaoj-rep-learn/Dataset/MUSIC/11solo_9duet/frames/acoustic_guitar/HPyM9xzrih0.mp4,1088
/bask/homes/h/hxh347/jiaoj-rep-learn/Dataset/MUSIC/11solo_9duet/audio/accordion/Y5EwbTgIswk.wav,/bask/homes/h/hxh347/jiaoj-rep-learn/Dataset/MUSIC/11solo_9duet/frames/accordion/Y5EwbTgIswk.mp4,1620
/bask/homes/h/hxh347/jiaoj-rep-learn/Dataset/MUSIC/11solo_9duet/audio/clarinet/MqB8Ux4DsIM.wav,/bask/homes/h/hxh347/jiaoj-rep-learn/Dataset/MUSIC/11solo_9duet/frames/clarinet/MqB8Ux4DsIM.mp4,169
/bask/homes/h/hxh347/jiaoj-rep-learn/Dataset/MUSIC/11solo_9duet/audio/xylophone/5lm9laLSORc.wav,/bask/homes/h/hxh347/jiaoj-rep-learn/Dataset/MUSIC/11solo_9duet/frames/xylophone/5lm9laLSORc.mp4,1452
/bask/homes/h/hxh347/jiaoj-rep-learn/Dataset/MUSIC/11solo_9duet/audio/cello_acoustic_guitar/N1HwJvvYyoo.wav,/bask/homes/h/hxh347/jiaoj-rep-learn/Dataset/MUSIC/11solo_9duet/frames/cello_acoustic_guitar/N1HwJvvYyoo.mp4,1511
/bask/homes/h/hxh347/jiaoj-rep-learn/Dataset/MUSIC/11solo_9duet/audio/cello/_oUTOskOwXs.wav,/bask/homes/h/hxh347/jiaoj-rep-learn/Dataset/MUSIC/11solo_9duet/frames/cello/_oUTOskOwXs.mp4,772
/bask/homes/h/hxh347/jiaoj-rep-learn/Dataset/MUSIC/11solo_9duet/audio/clarinet_acoustic_guitar/za84Zws-5gY.wav,/bask/homes/h/hxh347/jiaoj-rep-learn/Dataset/MUSIC/11solo_9duet/frames/clarinet_acoustic_guitar/za84Zws-5gY.mp4,2419
/bask/homes/h/hxh347/jiaoj-rep-learn/Dataset/MUSIC/11solo_9duet/audio/cello/Lq3671NhNZk.wav,/bask/homes/h/hxh347/jiaoj-rep-learn/Dataset/MUSIC/11solo_9duet/frames/cello/Lq3671NhNZk.mp4,1256
/bask/homes/h/hxh347/jiaoj-rep-learn/Dataset/MUSIC/11solo_9duet/audio/flute/cZoWhKTZTYY.wav,/bask/homes/h/hxh347/jiaoj-rep-learn/Dataset/MUSIC/11solo_9duet/frames/flute/cZoWhKTZTYY.mp4,470
/bask/homes/h/hxh347/jiaoj-rep-learn/Dataset/MUSIC/11solo_9duet/audio/tuba/LKMBOuDkEqo.wav,/bask/homes/h/hxh347/jiaoj-rep-learn/Dataset/MUSIC/11solo_9duet/frames/tuba/LKMBOuDkEqo.mp4,295
/bask/homes/h/hxh347/jiaoj-rep-learn/Dataset/MUSIC/11solo_9duet/audio/violin/K1LRscO7TSw.wav,/bask/homes/h/hxh347/jiaoj-rep-learn/Dataset/MUSIC/11solo_9duet/frames/violin/K1LRscO7TSw.mp4,1563
/bask/homes/h/hxh347/jiaoj-rep-learn/Dataset/MUSIC/11solo_9duet/audio/acoustic_guitar_violin/Fif2-OjH-8A.wav,/bask/homes/h/hxh347/jiaoj-rep-learn/Dataset/MUSIC/11solo_9duet/frames/acoustic_guitar_violin/Fif2-OjH-8A.mp4,1208
/bask/homes/h/hxh347/jiaoj-rep-learn/Dataset/MUSIC/11solo_9duet/audio/flute/WNeHlya4VnQ.wav,/bask/homes/h/hxh347/jiaoj-rep-learn/Dataset/MUSIC/11solo_9duet/frames/flute/WNeHlya4VnQ.mp4,739
/bask/homes/h/hxh347/jiaoj-rep-learn/Dataset/MUSIC/11solo_9duet/audio/tuba/GPh_9jtWub8.wav,/bask/homes/h/hxh347/jiaoj-rep-learn/Dataset/MUSIC/11solo_9duet/frames/tuba/GPh_9jtWub8.mp4,568
/bask/homes/h/hxh347/jiaoj-rep-learn/Dataset/MUSIC/11solo_9duet/audio/xylophone/6I846oP0E7Q.wav,/bask/homes/h/hxh347/jiaoj-rep-learn/Dataset/MUSIC/11solo_9duet/frames/xylophone/6I846oP0E7Q.mp4,1566
/bask/homes/h/hxh347/jiaoj-rep-learn/Dataset/MUSIC/11solo_9duet/audio/tuba/AAUm9njcMRk.wav,/bask/homes/h/hxh347/jiaoj-rep-learn/Dataset/MUSIC/11solo_9duet/frames/tuba/AAUm9njcMRk.mp4,745
/bask/homes/h/hxh347/jiaoj-rep-learn/Dataset/MUSIC/11solo_9duet/audio/acoustic_guitar_violin/ZVcWGHRPcP8.wav,/bask/homes/h/hxh347/jiaoj-rep-learn/Dataset/MUSIC/11solo_9duet/frames/acoustic_guitar_violin/ZVcWGHRPcP8.mp4,2185
/bask/homes/h/hxh347/jiaoj-rep-learn/Dataset/MUSIC/11solo_9duet/audio/accordion/MKSTzG114d0.wav,/bask/homes/h/hxh347/jiaoj-rep-learn/Dataset/MUSIC/11solo_9duet/frames/accordion/MKSTzG114d0.mp4,534
/bask/homes/h/hxh347/jiaoj-rep-learn/Dataset/MUSIC/11solo_9duet/audio/clarinet/EXKxvMVayRk.wav,/bask/homes/h/hxh347/jiaoj-rep-learn/Dataset/MUSIC/11solo_9duet/frames/clarinet/EXKxvMVayRk.mp4,741
/bask/homes/h/hxh347/jiaoj-rep-learn/Dataset/MUSIC/11solo_9duet/audio/clarinet/RqPkcu-xidI.wav,/bask/homes/h/hxh347/jiaoj-rep-learn/Dataset/MUSIC/11solo_9duet/frames/clarinet/RqPkcu-xidI.mp4,1797
/bask/homes/h/hxh347/jiaoj-rep-learn/Dataset/MUSIC/11solo_9duet/audio/trumpet/ZRpsKMe5dSg.wav,/bask/homes/h/hxh347/jiaoj-rep-learn/Dataset/MUSIC/11solo_9duet/frames/trumpet/ZRpsKMe5dSg.mp4,881
/bask/homes/h/hxh347/jiaoj-rep-learn/Dataset/MUSIC/11solo_9duet/audio/flute/9L4BvIDqhm8.wav,/bask/homes/h/hxh347/jiaoj-rep-learn/Dataset/MUSIC/11solo_9duet/frames/flute/9L4BvIDqhm8.mp4,846
/bask/homes/h/hxh347/jiaoj-rep-learn/Dataset/MUSIC/11solo_9duet/audio/tuba/1owUN7YXSzE.wav,/bask/homes/h/hxh347/jiaoj-rep-learn/Dataset/MUSIC/11solo_9duet/frames/tuba/1owUN7YXSzE.mp4,683
/bask/homes/h/hxh347/jiaoj-rep-learn/Dataset/MUSIC/11solo_9duet/audio/accordion/RRjph7N4hvk.wav,/bask/homes/h/hxh347/jiaoj-rep-learn/Dataset/MUSIC/11solo_9duet/frames/accordion/RRjph7N4hvk.mp4,1274
